sensor_id,timestamp,temperature,humidity,anomaly_score
C003,2026-02-05T10:29:18.465630Z,24.4,37.9,1
C002,2026-02-05T10:29:21.471438Z,37.06,38.9,-1
C003,2026-02-05T10:29:24.476771Z,24.83,41.0,1
C003,2026-02-05T10:29:27.482306Z,25.78,37.4,1
C002,2026-02-05T10:29:30.488287Z,24.49,36.0,1
C002,2026-02-05T10:29:33.491681Z,24.2,40.4,1
C003,2026-02-05T10:29:36.493652Z,26.21,38.8,1
C003,2026-02-05T10:29:39.499094Z,25.82,42.4,1
C001,2026-02-05T10:29:42.501806Z,25.0,40.5,1
C002,2026-02-05T10:29:45.505434Z,23.36,37.8,1
C002,2026-02-05T10:29:48.510515Z,26.1,38.6,1
C001,2026-02-05T10:29:51.516328Z,24.93,43.3,1
C002,2026-02-05T10:29:54.517895Z,25.71,37.3,1
C001,2026-02-05T10:29:57.522168Z,24.96,38.4,1
C001,2026-02-05T10:30:00.523025Z,22.93,40.4,1
C002,2026-02-05T10:30:03.528230Z,26.45,40.7,1
C002,2026-02-05T10:30:06.531555Z,25.52,41.9,1
C003,2026-02-05T10:30:09.537473Z,24.59,43.7,1
C002,2026-02-05T10:30:12.540666Z,25.69,41.6,1
C003,2026-02-05T10:30:15.545540Z,24.92,39.7,1
C001,2026-02-05T10:30:18.547289Z,24.26,39.9,1
C003,2026-02-05T10:30:21.553492Z,26.42,46.7,1
C002,2026-02-05T10:30:24.556057Z,26.41,38.5,1
C002,2026-02-05T10:30:27.560514Z,24.8,43.5,1
C002,2026-02-05T10:30:30.565083Z,25.21,36.4,1
C001,2026-02-05T10:30:33.567504Z,24.56,42.6,1
C001,2026-02-05T10:30:36.571799Z,24.58,42.0,1
C003,2026-02-05T10:30:39.577543Z,24.88,40.6,1
C002,2026-02-05T10:30:42.584093Z,26.74,38.5,1
C002,2026-02-05T10:30:45.584685Z,23.54,39.9,1
C001,2026-02-05T10:30:48.587279Z,24.67,39.8,1
C002,2026-02-05T10:30:51.589448Z,24.26,35.0,1
C001,2026-02-05T10:30:54.594909Z,24.41,39.5,1
C001,2026-02-05T10:30:57.597639Z,25.01,35.6,1
C002,2026-02-05T10:31:00.602988Z,24.44,38.9,1
C002,2026-02-05T10:31:03.604085Z,14.31,38.1,-1
C002,2026-02-05T10:31:06.605436Z,25.08,38.6,1
C002,2026-02-05T10:31:09.606511Z,25.16,38.0,1
C003,2026-02-05T10:31:12.611772Z,25.34,38.7,1
C002,2026-02-05T10:31:15.617710Z,25.43,39.9,1
C003,2026-02-05T10:31:18.618257Z,25.7,38.3,1
C002,2026-02-05T10:31:21.623117Z,25.09,39.8,1
C001,2026-02-05T10:31:24.628643Z,13.35,37.4,-1
C002,2026-02-05T10:31:27.633486Z,26.08,38.8,1
C001,2026-02-05T10:31:30.637216Z,25.87,42.0,1
C001,2026-02-05T10:31:33.642381Z,24.14,39.0,1
C001,2026-02-05T10:31:36.646040Z,25.79,39.0,1
C002,2026-02-05T10:31:39.647777Z,25.62,40.6,1
C003,2026-02-05T10:31:42.653390Z,24.6,42.9,1
C002,2026-02-05T10:31:45.659690Z,24.93,37.3,1
C002,2026-02-05T10:31:48.664040Z,25.27,40.3,1
C003,2026-02-05T10:31:51.669866Z,24.61,39.8,1
C003,2026-02-05T10:31:54.675535Z,25.61,39.5,1
C001,2026-02-05T10:31:57.679288Z,23.61,39.9,1
C001,2026-02-05T10:32:00.684699Z,24.64,38.2,1
C003,2026-02-05T10:32:03.689981Z,24.78,38.2,1
C002,2026-02-05T10:32:06.692081Z,25.48,39.0,1
C001,2026-02-05T10:32:09.692937Z,26.61,40.7,1
C001,2026-02-05T10:32:12.697652Z,25.07,43.3,1
C002,2026-02-05T10:32:15.703553Z,24.63,39.7,1
C002,2026-02-05T10:32:18.708803Z,26.16,41.4,1
C001,2026-02-05T10:32:21.711824Z,23.41,36.2,1
C003,2026-02-05T10:32:24.716584Z,24.3,43.1,1
C003,2026-02-05T10:32:27.720529Z,24.21,36.7,1
C002,2026-02-05T10:32:30.725603Z,25.51,38.3,1
C002,2026-02-05T10:32:33.731749Z,25.09,42.5,1
C002,2026-02-05T10:32:36.736154Z,24.79,39.2,1
C001,2026-02-05T10:32:39.740743Z,25.96,38.7,1
C002,2026-02-05T10:32:42.745863Z,24.06,36.9,1
C003,2026-02-05T10:32:45.750583Z,25.07,41.8,1
C002,2026-02-05T10:32:48.756471Z,25.24,38.1,1
C001,2026-02-05T10:32:51.762626Z,26.45,38.3,1
C002,2026-02-05T10:32:54.767110Z,24.23,39.7,1
C002,2026-02-05T10:32:57.771569Z,25.87,39.5,1
C002,2026-02-05T10:33:00.776813Z,24.98,41.2,1
C001,2026-02-05T10:33:03.777824Z,25.36,39.8,1
C001,2026-02-05T10:33:06.782919Z,25.1,39.4,1
C003,2026-02-05T10:33:09.788076Z,25.36,44.9,1
C001,2026-02-05T10:33:12.792510Z,24.88,42.1,1
C002,2026-02-05T10:33:15.795392Z,25.33,39.3,1
C002,2026-02-05T10:33:18.797983Z,25.44,42.0,1
C002,2026-02-05T10:33:21.804289Z,25.63,41.3,1
C001,2026-02-05T10:33:24.805567Z,24.86,39.4,1
C001,2026-02-05T10:33:27.810686Z,26.76,39.3,1
C003,2026-02-05T10:33:30.816504Z,26.21,39.1,1
C003,2026-02-05T10:33:33.819981Z,26.39,38.9,1
C001,2026-02-05T10:33:36.822950Z,24.24,37.9,1
C002,2026-02-05T10:33:39.825674Z,26.05,38.2,1
C003,2026-02-05T10:33:42.830919Z,24.95,38.3,1
C001,2026-02-05T10:33:45.835469Z,24.91,42.6,1
C003,2026-02-05T10:33:48.836471Z,25.38,43.5,1
C003,2026-02-05T10:33:51.841788Z,14.88,41.6,-1
C003,2026-02-05T10:33:54.845964Z,25.8,38.1,1
C001,2026-02-05T10:33:57.846831Z,25.26,42.3,1
C002,2026-02-05T10:34:00.851209Z,24.1,38.7,1
C001,2026-02-05T10:34:03.853710Z,24.1,41.2,1
C002,2026-02-05T10:34:06.858899Z,25.62,43.6,1
C002,2026-02-05T10:34:09.861146Z,24.04,40.1,1
C001,2026-02-05T10:34:12.862677Z,25.36,39.1,1
C001,2026-02-05T10:34:15.868762Z,24.42,39.1,1
C002,2026-02-05T10:34:18.874487Z,25.86,37.1,1
C002,2026-02-05T10:34:21.878575Z,25.23,40.1,1
C002,2026-02-05T10:34:24.879102Z,24.26,40.4,1
C001,2026-02-05T10:34:27.883431Z,25.34,38.8,1
C001,2026-02-05T10:34:30.887412Z,23.91,38.3,1
C003,2026-02-05T10:34:33.889425Z,25.01,41.6,1
C002,2026-02-05T10:34:36.894979Z,24.64,38.7,1
C002,2026-02-05T10:34:39.899811Z,24.52,37.5,1
C003,2026-02-05T10:34:42.902779Z,24.89,36.8,1
C002,2026-02-05T10:34:45.916686Z,24.51,36.2,1
C002,2026-02-05T10:34:48.919117Z,24.61,41.1,1
C003,2026-02-05T10:34:51.921719Z,25.4,39.5,1
C002,2026-02-05T10:34:54.926272Z,25.6,38.4,1
C002,2026-02-05T10:34:57.927696Z,24.45,37.6,1
C001,2026-02-05T10:35:00.932381Z,24.73,37.5,1
C001,2026-02-05T10:35:03.936907Z,24.66,40.7,1
C001,2026-02-05T10:35:06.942174Z,24.18,38.8,1
C002,2026-02-05T10:35:09.947725Z,26.1,39.4,1
C001,2026-02-05T10:35:12.950667Z,26.02,40.3,1
C003,2026-02-05T10:35:15.956563Z,24.77,43.5,1
C001,2026-02-05T10:35:18.961543Z,25.3,42.4,1
C003,2026-02-05T10:35:21.963400Z,25.71,40.7,1
C003,2026-02-05T10:35:24.966561Z,24.53,39.4,1
C001,2026-02-05T10:35:27.972086Z,25.03,43.1,1
C003,2026-02-05T10:35:30.977825Z,25.93,38.0,1
C002,2026-02-05T10:35:33.979838Z,22.97,39.5,1
C002,2026-02-05T10:35:36.985100Z,24.8,43.9,1
C001,2026-02-05T10:35:39.990579Z,27.0,40.2,1
C001,2026-02-05T10:35:42.995658Z,26.67,37.5,1
C003,2026-02-05T10:35:46.000504Z,24.4,41.2,1
C001,2026-02-05T10:35:49.005807Z,25.44,39.1,1
C001,2026-02-05T10:35:52.006601Z,25.14,40.6,1
C001,2026-02-05T10:35:55.012193Z,26.26,40.4,1
C003,2026-02-05T10:35:58.016757Z,26.83,41.8,1
C002,2026-02-05T10:36:01.018923Z,24.96,41.7,1
C003,2026-02-05T10:36:04.022552Z,24.62,38.6,1
C002,2026-02-05T10:36:07.024878Z,26.42,40.0,1
C003,2026-02-05T10:36:10.029737Z,24.26,40.2,1
C002,2026-02-05T10:36:13.031689Z,25.16,41.2,1
C001,2026-02-05T10:36:16.037521Z,24.2,39.6,1
C002,2026-02-05T10:36:19.042031Z,26.88,42.2,1
C001,2026-02-05T10:36:22.049058Z,25.18,40.9,1
C002,2026-02-05T10:36:25.050247Z,23.06,35.4,1
C002,2026-02-05T10:36:28.053647Z,24.6,40.2,1
C002,2026-02-05T10:36:31.058927Z,26.2,38.1,1
C003,2026-02-05T10:36:34.064377Z,26.47,41.1,1
C003,2026-02-05T10:36:37.066883Z,25.99,40.2,1
C003,2026-02-05T10:36:40.071972Z,26.37,40.2,1
C001,2026-02-05T10:36:43.077011Z,25.03,42.3,1
C002,2026-02-05T10:36:46.080091Z,24.82,38.9,1
C002,2026-02-05T10:36:49.084795Z,24.69,43.1,1
C003,2026-02-05T10:36:52.085853Z,23.77,41.1,1
C003,2026-02-05T10:36:55.087988Z,24.91,42.6,1
C003,2026-02-05T10:36:58.089068Z,23.81,40.4,1
C002,2026-02-05T10:37:01.090674Z,24.74,38.3,1
C003,2026-02-05T10:37:04.094234Z,24.31,43.3,1
C001,2026-02-05T10:37:07.095561Z,25.1,42.2,1
C003,2026-02-05T10:37:10.100189Z,23.63,37.8,1
C001,2026-02-05T10:37:13.105325Z,23.49,38.0,1
C001,2026-02-05T10:37:16.110603Z,23.35,37.1,1
C003,2026-02-05T10:37:19.116089Z,24.58,40.0,1
C001,2026-02-05T10:37:22.122852Z,24.41,43.6,1
C002,2026-02-05T10:37:25.125139Z,24.74,41.4,1
C003,2026-02-05T10:37:28.128720Z,25.75,40.2,1
C002,2026-02-05T10:37:31.133253Z,26.05,39.1,1
C003,2026-02-05T10:37:34.135797Z,25.18,42.8,1
C001,2026-02-05T10:37:37.141047Z,24.94,37.0,1
C002,2026-02-05T10:37:40.142256Z,25.4,43.1,1
C001,2026-02-05T10:37:43.144561Z,25.44,39.8,1
C002,2026-02-05T10:37:46.150072Z,25.12,38.2,1
C002,2026-02-05T10:37:49.155639Z,25.23,38.6,1
C002,2026-02-05T10:37:52.161215Z,25.3,39.5,1
C003,2026-02-05T10:37:55.165490Z,25.05,41.2,1
C001,2026-02-05T10:37:58.167587Z,26.12,40.0,1
C002,2026-02-05T10:38:01.172875Z,36.64,37.5,-1
C001,2026-02-05T10:38:04.176371Z,25.65,37.6,1
C001,2026-02-05T10:38:07.177619Z,23.86,38.0,1
C003,2026-02-05T10:38:10.182174Z,25.88,39.9,1
C001,2026-02-05T10:38:13.186492Z,24.18,38.9,1
C001,2026-02-05T10:38:16.190999Z,26.0,40.0,1
C002,2026-02-05T10:38:19.196145Z,24.36,42.2,1
C001,2026-02-05T10:38:22.202358Z,38.38,41.8,-1
C001,2026-02-05T10:38:25.207939Z,24.37,42.5,1
C003,2026-02-05T10:38:28.212141Z,24.91,41.4,1
C002,2026-02-05T10:38:31.216417Z,25.03,40.9,1
C001,2026-02-05T10:38:34.221801Z,25.41,37.6,1
C003,2026-02-05T10:38:37.225326Z,24.9,38.9,1
C003,2026-02-05T10:38:40.230925Z,24.64,38.2,1
C002,2026-02-05T10:38:43.231339Z,26.72,41.0,1
C002,2026-02-05T10:38:46.236129Z,25.92,38.7,1
C003,2026-02-05T10:38:49.240500Z,24.61,41.7,1
C002,2026-02-05T10:38:52.246192Z,25.67,41.1,1
C002,2026-02-05T10:38:55.249585Z,24.16,42.2,1
C001,2026-02-05T10:38:58.254732Z,26.06,40.9,1
C002,2026-02-05T10:39:01.258412Z,25.16,36.8,1
C001,2026-02-05T10:39:04.261983Z,25.08,39.7,1
C002,2026-02-05T10:39:07.265524Z,25.02,38.7,1
C003,2026-02-05T10:39:10.267850Z,24.83,40.4,1
C002,2026-02-05T10:39:13.272916Z,24.72,42.1,1
C003,2026-02-05T10:39:16.279080Z,23.78,44.3,1
C003,2026-02-05T10:39:19.283181Z,24.29,39.2,1
C003,2026-02-05T10:39:22.285776Z,25.62,39.0,1
C002,2026-02-05T10:39:25.289793Z,25.03,41.6,1
C001,2026-02-05T10:39:28.293070Z,25.15,38.6,1
C001,2026-02-05T10:39:31.297677Z,35.75,38.7,-1
C001,2026-02-05T10:39:34.300235Z,23.68,37.4,1
C001,2026-02-05T10:39:37.300585Z,23.79,38.0,1
C001,2026-02-05T10:39:40.305927Z,24.71,38.9,1
C003,2026-02-05T10:39:43.310462Z,25.62,41.4,1
C001,2026-02-05T10:39:46.312479Z,26.12,38.3,1
C003,2026-02-05T10:39:49.318156Z,25.14,39.3,1
C001,2026-02-05T10:39:52.326619Z,25.83,38.0,1
C001,2026-02-05T10:39:55.332139Z,23.52,39.4,1
C003,2026-02-05T10:39:58.332409Z,25.59,42.4,1
C002,2026-02-05T10:40:01.334375Z,25.36,39.7,1
C001,2026-02-05T10:40:04.338451Z,24.52,37.0,1
C001,2026-02-05T10:40:07.343806Z,23.38,40.8,1
C001,2026-02-05T10:40:10.345348Z,24.27,38.9,1
C002,2026-02-05T10:40:13.350739Z,25.28,35.1,1
C001,2026-02-05T10:40:16.353264Z,24.59,43.1,1
C001,2026-02-05T10:40:19.358682Z,24.22,43.4,1
C003,2026-02-05T10:40:22.360035Z,25.48,38.2,1
C001,2026-02-05T10:40:25.361568Z,23.82,40.3,1
C002,2026-02-05T10:40:28.366080Z,25.03,38.2,1
C001,2026-02-05T10:40:31.370929Z,25.79,42.7,1
C001,2026-02-05T10:40:34.375010Z,26.68,36.2,1
C003,2026-02-05T10:40:37.378063Z,26.31,36.5,1
C001,2026-02-05T10:40:40.381242Z,25.9,41.3,1
C001,2026-02-05T10:40:43.382726Z,24.57,36.5,1
C001,2026-02-05T10:40:46.388655Z,24.75,40.3,1
C001,2026-02-05T10:40:49.393618Z,25.25,40.1,1
C002,2026-02-05T10:40:52.399082Z,24.11,40.9,1
C003,2026-02-05T10:40:55.400945Z,24.68,37.9,1
C003,2026-02-05T10:40:58.402805Z,25.31,38.7,1
C001,2026-02-05T10:41:01.406237Z,37.97,41.8,-1
C002,2026-02-05T10:41:04.411379Z,24.46,40.7,1
C002,2026-02-05T10:41:07.415367Z,25.38,41.9,1
C001,2026-02-05T10:41:10.419531Z,25.14,43.0,1
C003,2026-02-05T10:41:13.424830Z,26.4,38.1,1
C003,2026-02-05T10:41:16.427916Z,37.92,39.5,-1
C001,2026-02-05T10:41:19.433653Z,24.74,41.5,1
C002,2026-02-05T10:41:22.436589Z,23.97,39.5,1
C002,2026-02-05T10:41:25.442299Z,23.69,41.6,1
C003,2026-02-05T10:41:28.446802Z,26.02,39.4,1
C001,2026-02-05T10:41:31.448780Z,26.05,38.4,1
C003,2026-02-05T10:41:34.453899Z,25.94,41.3,1
C002,2026-02-05T10:41:37.459027Z,25.56,37.8,1
C001,2026-02-05T10:41:40.464264Z,14.59,40.0,-1
C001,2026-02-05T10:41:43.468125Z,24.34,40.2,1
C002,2026-02-05T10:41:46.471867Z,25.46,37.8,1
C001,2026-02-05T10:41:49.476248Z,24.82,37.3,1
C001,2026-02-05T10:41:52.478428Z,24.67,41.2,1
C003,2026-02-05T10:41:55.480576Z,24.93,42.3,1
C003,2026-02-05T10:41:58.483079Z,25.44,41.3,1
C003,2026-02-05T10:42:01.484139Z,25.93,38.8,1
C001,2026-02-05T10:42:04.490182Z,25.43,38.6,1
C002,2026-02-05T10:42:07.492055Z,24.8,39.7,1
C001,2026-02-05T10:42:10.497454Z,24.59,42.8,1
C001,2026-02-05T10:42:13.501922Z,25.47,38.7,1
C003,2026-02-05T10:42:16.506169Z,26.3,38.3,1
C001,2026-02-05T10:42:19.509911Z,25.44,38.2,1
C003,2026-02-05T10:42:22.515225Z,25.58,39.7,1
C003,2026-02-05T10:42:25.520276Z,25.52,40.1,1
C001,2026-02-05T10:42:28.525166Z,24.32,38.7,1
C002,2026-02-05T10:42:31.527148Z,24.77,42.7,1
C002,2026-02-05T10:42:34.531917Z,24.58,37.5,1
C003,2026-02-05T10:42:37.536299Z,25.52,39.5,1
C003,2026-02-05T10:42:40.540238Z,25.38,35.9,1
C001,2026-02-05T10:42:43.544709Z,24.79,41.3,1
C001,2026-02-05T10:42:46.545732Z,24.94,40.1,1
C002,2026-02-05T10:42:49.551009Z,25.75,40.7,1
C001,2026-02-05T10:42:52.556810Z,24.74,38.7,1
C003,2026-02-05T10:42:55.557401Z,23.2,39.4,1
C002,2026-02-05T10:42:58.559549Z,24.93,43.7,1
C003,2026-02-05T10:43:01.564342Z,24.87,38.2,1
C001,2026-02-05T10:43:04.567097Z,22.97,38.3,1
C002,2026-02-05T10:43:07.572456Z,27.4,37.6,-1
C003,2026-02-05T10:43:10.576030Z,25.07,39.4,1
C002,2026-02-05T10:43:13.580889Z,25.39,39.6,1
C003,2026-02-05T10:43:16.584133Z,24.41,43.2,1
C003,2026-02-05T10:43:19.588282Z,25.61,38.5,1
C003,2026-02-05T10:43:22.592588Z,24.38,40.8,1
C001,2026-02-05T10:43:25.594763Z,25.73,41.8,1
C002,2026-02-05T10:43:28.599881Z,15.42,41.3,-1
C003,2026-02-05T10:43:31.605148Z,24.9,37.4,1
C001,2026-02-05T10:43:34.610685Z,24.9,40.4,1
C002,2026-02-05T10:43:37.616547Z,25.59,42.3,1
C003,2026-02-05T10:43:40.621601Z,25.28,41.2,1
C002,2026-02-05T10:43:43.624318Z,24.8,38.9,1
C001,2026-02-05T10:43:46.626846Z,25.85,37.6,1
C003,2026-02-05T10:43:49.628500Z,23.92,41.4,1
C002,2026-02-05T10:43:52.631438Z,25.32,38.6,1
C002,2026-02-05T10:43:55.634616Z,24.98,40.4,1
C003,2026-02-05T10:43:58.639620Z,24.63,41.6,1
C001,2026-02-05T10:44:01.643738Z,25.49,41.2,1
C002,2026-02-05T10:44:04.648126Z,25.6,36.4,1
C001,2026-02-05T10:44:07.652345Z,25.75,41.6,1
C003,2026-02-05T10:44:10.653941Z,26.45,37.7,1
C002,2026-02-05T10:44:13.659123Z,24.41,39.5,1
C002,2026-02-05T10:44:16.664266Z,24.98,40.1,1
C002,2026-02-05T10:44:19.669018Z,24.38,40.3,1
C002,2026-02-05T10:44:22.675127Z,24.79,40.3,1
C001,2026-02-05T10:44:25.679619Z,24.23,40.8,1
C001,2026-02-05T10:44:28.684939Z,24.87,40.6,1
C001,2026-02-05T10:44:31.690229Z,26.86,38.5,1
C002,2026-02-05T10:44:34.695878Z,22.44,39.4,-1
C003,2026-02-05T10:44:37.699410Z,24.92,41.1,1
C001,2026-02-05T10:44:40.700499Z,27.43,39.3,-1
C003,2026-02-05T10:44:43.705517Z,25.38,40.6,1
C003,2026-02-05T10:44:46.706416Z,24.8,41.7,1
C001,2026-02-05T10:44:49.711859Z,24.08,40.5,1
C001,2026-02-05T10:44:52.714383Z,23.9,40.0,1
C003,2026-02-05T10:44:55.719101Z,25.56,40.9,1
C001,2026-02-05T10:44:58.723582Z,24.85,38.9,1
C003,2026-02-05T10:45:01.725043Z,25.52,38.0,1
C002,2026-02-05T10:45:04.730441Z,25.96,39.1,1
C003,2026-02-05T10:45:07.732987Z,24.31,37.5,1
C003,2026-02-05T10:45:10.737361Z,24.88,42.0,1
C002,2026-02-05T10:45:13.739913Z,24.96,44.3,1
C002,2026-02-05T10:45:16.743819Z,24.25,37.9,1
C002,2026-02-05T10:45:19.744532Z,24.7,42.1,1
C003,2026-02-05T10:45:22.748972Z,26.29,36.5,1
C002,2026-02-05T10:45:25.751569Z,23.26,40.4,1
C001,2026-02-05T10:45:28.757653Z,24.6,41.9,1
C003,2026-02-05T10:45:31.760741Z,24.65,44.1,1
C002,2026-02-05T10:45:34.764905Z,25.07,42.8,1
C003,2026-02-05T10:45:37.770929Z,25.44,39.4,1
C001,2026-02-05T10:45:40.774125Z,23.99,39.0,1
C001,2026-02-05T10:45:43.780142Z,25.47,41.2,1
C001,2026-02-05T10:45:46.781945Z,25.28,39.8,1
C001,2026-02-05T10:45:49.788629Z,26.05,44.0,1
C003,2026-02-05T10:45:52.793237Z,24.31,39.8,1
C001,2026-02-05T10:45:55.799637Z,25.47,41.5,1
C001,2026-02-05T10:45:58.803080Z,25.59,38.9,1
C002,2026-02-05T10:46:01.808465Z,24.55,41.3,1
C001,2026-02-05T10:46:04.809638Z,26.4,40.1,1
C003,2026-02-05T10:46:07.810928Z,23.8,39.7,1
C003,2026-02-05T10:46:10.812608Z,25.12,36.8,1
C001,2026-02-05T10:46:13.818271Z,25.21,41.2,1
C001,2026-02-05T10:46:16.819310Z,25.63,42.9,1
C002,2026-02-05T10:46:19.821791Z,24.79,35.5,1
C001,2026-02-05T10:46:22.827842Z,25.97,40.2,1
C001,2026-02-05T10:46:25.832864Z,24.65,39.7,1
C001,2026-02-05T10:46:28.834753Z,25.89,42.2,1
C003,2026-02-05T10:46:31.835534Z,25.87,40.2,1
C003,2026-02-05T10:46:34.836331Z,24.04,40.8,1
C003,2026-02-05T10:46:37.838261Z,26.68,39.5,1
C002,2026-02-05T10:46:40.839241Z,25.52,37.9,1
C003,2026-02-05T10:46:43.844076Z,25.07,40.9,1
C001,2026-02-05T10:46:46.849209Z,25.17,38.4,1
C003,2026-02-05T10:46:49.851418Z,25.26,40.8,1
C001,2026-02-05T10:46:52.856975Z,23.9,40.0,1
C003,2026-02-05T10:46:55.862208Z,26.38,40.2,1
C001,2026-02-05T10:46:58.867415Z,26.18,42.5,1
C002,2026-02-05T10:47:01.872581Z,26.17,38.8,1
C003,2026-02-05T10:47:04.877229Z,25.26,41.4,1
C002,2026-02-05T10:47:07.880634Z,24.87,41.5,1
C002,2026-02-05T10:47:10.885571Z,24.63,35.5,1
C002,2026-02-05T10:47:13.886344Z,26.07,41.9,1
C001,2026-02-05T10:47:16.891460Z,25.66,39.0,1
C001,2026-02-05T10:47:19.896658Z,25.25,42.8,1
C001,2026-02-05T10:47:22.899981Z,24.66,39.8,1
C003,2026-02-05T10:47:25.902889Z,38.3,43.6,-1
C001,2026-02-05T10:47:28.903563Z,25.04,38.5,1
C002,2026-02-05T10:47:31.908713Z,25.86,39.2,1
C003,2026-02-05T10:47:34.914048Z,24.53,40.3,1
C001,2026-02-05T10:47:37.914832Z,24.2,39.7,1
C003,2026-02-05T10:47:40.917464Z,25.89,38.2,1
C001,2026-02-05T10:47:43.922535Z,24.72,40.0,1
C002,2026-02-05T10:47:46.923723Z,26.81,41.0,1
C001,2026-02-05T10:47:49.927779Z,25.88,39.1,1
C002,2026-02-05T10:47:52.932736Z,23.78,39.7,1
C003,2026-02-05T10:47:55.938918Z,23.49,38.7,1
C001,2026-02-05T10:47:58.944074Z,15.76,40.4,-1
C002,2026-02-05T10:48:01.946373Z,25.02,42.4,1
C002,2026-02-05T10:48:04.948762Z,24.67,42.7,1
C002,2026-02-05T10:48:07.952680Z,24.91,43.1,1
C001,2026-02-05T10:48:10.957001Z,25.32,45.0,1
C003,2026-02-05T10:48:13.961864Z,23.12,38.2,1
C001,2026-02-05T10:48:16.966663Z,26.17,37.8,1
C001,2026-02-05T10:48:19.970142Z,26.48,42.4,1
C001,2026-02-05T10:48:22.975109Z,23.81,37.9,1
C001,2026-02-05T10:48:25.975915Z,24.88,43.0,1
C001,2026-02-05T10:48:28.980934Z,26.29,42.4,1
C001,2026-02-05T10:48:31.983970Z,24.65,44.5,1
C002,2026-02-05T10:48:34.988546Z,24.1,39.3,1
C001,2026-02-05T10:48:37.991660Z,25.5,41.2,1
C003,2026-02-05T10:48:40.994341Z,25.98,40.6,1
C003,2026-02-05T10:48:43.998396Z,23.82,41.7,1
C003,2026-02-05T10:48:46.999106Z,25.5,42.9,1
C002,2026-02-05T10:48:50.001241Z,25.09,39.4,1
C002,2026-02-05T10:48:53.004371Z,26.43,40.8,1
C003,2026-02-05T10:48:56.009876Z,24.46,39.5,1
C001,2026-02-05T10:48:59.014455Z,24.48,40.9,1
C002,2026-02-05T10:49:02.019047Z,24.99,38.2,1
C001,2026-02-05T10:49:05.022615Z,25.32,40.9,1
C001,2026-02-05T10:49:08.026547Z,25.72,41.0,1
C003,2026-02-05T10:49:11.027809Z,25.26,43.6,1
C001,2026-02-05T10:49:14.032786Z,24.77,40.8,1
C001,2026-02-05T10:49:17.033182Z,25.11,40.0,1
C003,2026-02-05T10:49:20.037165Z,25.71,39.1,1
C003,2026-02-05T10:49:23.039487Z,25.25,44.9,1
C001,2026-02-05T10:49:26.044694Z,25.59,36.0,1
C003,2026-02-05T10:49:29.047478Z,25.77,38.7,1
C001,2026-02-05T10:49:32.054321Z,24.79,40.0,1
C002,2026-02-05T10:49:35.060111Z,24.9,38.2,1
C003,2026-02-05T10:49:38.065465Z,25.0,37.1,1
C001,2026-02-05T10:49:41.067708Z,25.62,37.9,1
C001,2026-02-05T10:49:44.069508Z,24.61,38.3,1
C001,2026-02-05T10:49:47.070375Z,24.16,38.7,1
C002,2026-02-05T10:49:50.075775Z,26.04,38.1,1
C002,2026-02-05T10:49:53.080551Z,25.49,38.8,1
C003,2026-02-05T10:49:56.086064Z,24.69,38.1,1
C003,2026-02-05T10:49:59.091661Z,24.18,38.0,1
C003,2026-02-05T10:50:02.096326Z,24.08,40.6,1
C002,2026-02-05T10:50:05.100780Z,24.68,40.0,1
C003,2026-02-05T10:50:08.102372Z,25.82,39.8,1
C003,2026-02-05T10:50:11.105435Z,25.03,39.7,1
C002,2026-02-05T10:50:14.107608Z,24.68,40.8,1
C002,2026-02-05T10:50:17.110903Z,26.11,41.8,1
C002,2026-02-05T10:50:20.114041Z,25.14,38.8,1
C003,2026-02-05T10:50:23.116812Z,25.45,38.0,1
C003,2026-02-05T10:50:26.121948Z,23.75,43.1,1
C002,2026-02-05T10:50:29.124687Z,26.66,38.2,1
C002,2026-02-05T10:50:32.129636Z,25.03,39.3,1
C003,2026-02-05T10:50:35.135859Z,25.75,38.4,1
C002,2026-02-05T10:50:38.141393Z,25.96,38.4,1
C003,2026-02-05T10:50:41.145516Z,24.86,41.2,1
C003,2026-02-05T10:50:44.147642Z,27.64,42.2,-1
C003,2026-02-05T10:50:47.152975Z,24.14,40.2,1
C002,2026-02-05T10:50:50.155838Z,24.29,42.8,1
C002,2026-02-05T10:50:53.161683Z,25.09,43.0,1
C002,2026-02-05T10:50:56.164711Z,24.7,36.2,1
C003,2026-02-05T10:50:59.165998Z,23.65,35.4,1
C003,2026-02-05T10:51:02.168879Z,24.52,41.6,1
C003,2026-02-05T10:51:05.171099Z,24.37,40.1,1
C001,2026-02-05T10:51:08.174157Z,24.33,37.9,1
C003,2026-02-05T10:51:11.178848Z,25.98,42.6,1
C002,2026-02-05T10:51:14.184316Z,26.17,43.2,1
C001,2026-02-05T10:51:17.187438Z,13.15,41.1,-1
C001,2026-02-05T10:51:20.192644Z,25.02,34.9,1
C003,2026-02-05T10:51:23.193488Z,24.8,39.0,1
C001,2026-02-05T10:51:26.194258Z,24.53,38.4,1
C002,2026-02-05T10:51:29.195683Z,26.15,40.1,1
C001,2026-02-05T10:51:32.200723Z,37.1,39.4,-1
C002,2026-02-05T10:51:35.206278Z,25.04,37.9,1
C003,2026-02-05T10:51:38.206813Z,25.91,37.6,1
C001,2026-02-05T10:51:41.209524Z,24.74,38.5,1
C001,2026-02-05T10:51:44.210871Z,25.62,40.3,1
C001,2026-02-05T10:51:47.211499Z,23.87,39.1,1
C001,2026-02-05T10:51:50.214822Z,24.24,39.4,1
C001,2026-02-05T10:51:53.220767Z,14.51,41.3,-1
C001,2026-02-05T10:51:56.222269Z,26.3,38.5,1
C001,2026-02-05T10:51:59.226458Z,25.09,38.9,1
C003,2026-02-05T10:52:02.232064Z,23.6,40.9,1
C002,2026-02-05T10:52:05.232960Z,24.03,37.5,1
C003,2026-02-05T10:52:08.235883Z,23.34,44.1,1
C003,2026-02-05T10:52:11.239672Z,25.21,38.9,1
C002,2026-02-05T10:52:14.242076Z,24.62,36.8,1
C002,2026-02-05T10:52:17.243675Z,23.67,41.2,1
C001,2026-02-05T10:52:20.245775Z,24.74,42.1,1
C001,2026-02-05T10:52:23.251100Z,23.09,41.7,1
C003,2026-02-05T10:52:26.252683Z,24.4,37.8,1
C003,2026-02-05T10:52:29.256960Z,24.84,43.4,1
C003,2026-02-05T10:52:32.261687Z,25.65,37.9,1
C003,2026-02-05T10:52:35.263878Z,24.92,41.2,1
C003,2026-02-05T10:52:38.268966Z,25.26,38.0,1
C002,2026-02-05T10:52:41.271060Z,23.93,37.7,1
C002,2026-02-05T10:52:44.276188Z,23.32,39.0,1
C001,2026-02-05T10:52:47.280147Z,24.78,36.9,1
C003,2026-02-05T10:52:50.285354Z,24.91,41.5,1
C003,2026-02-05T10:52:53.286739Z,25.47,38.5,1
C002,2026-02-05T10:52:56.293356Z,25.48,40.2,1
C002,2026-02-05T10:52:59.296001Z,25.01,43.2,1
C003,2026-02-05T10:53:02.300059Z,26.66,39.0,1
C002,2026-02-05T10:53:05.308755Z,26.54,38.6,1
C003,2026-02-05T10:53:08.311560Z,24.2,37.6,1
C001,2026-02-05T10:53:11.314705Z,25.82,39.8,1
C003,2026-02-05T10:53:14.316766Z,26.69,39.6,1
C002,2026-02-05T10:53:17.320530Z,26.19,41.7,1
C001,2026-02-05T10:53:20.325034Z,25.96,42.9,1
C003,2026-02-05T10:53:23.327324Z,24.42,41.9,1
C002,2026-02-05T10:53:26.331224Z,26.18,38.5,1
C003,2026-02-05T10:53:29.331768Z,24.8,38.9,1
C003,2026-02-05T10:53:32.336415Z,24.98,39.3,1
C002,2026-02-05T10:53:35.342182Z,24.93,39.4,1
C001,2026-02-05T10:53:38.344963Z,15.61,41.9,-1
C001,2026-02-05T10:53:41.348713Z,24.25,41.0,1
C001,2026-02-05T10:53:44.350263Z,24.62,41.5,1
C002,2026-02-05T10:53:47.352670Z,25.68,39.6,1
C002,2026-02-05T10:53:50.355505Z,24.81,40.2,1
C003,2026-02-05T10:53:53.360281Z,23.62,43.1,1
C003,2026-02-05T10:53:56.364009Z,24.65,38.3,1
C001,2026-02-05T10:53:59.369616Z,24.95,40.8,1
C002,2026-02-05T10:54:02.373594Z,24.52,41.5,1
C001,2026-02-05T10:54:05.374906Z,25.43,39.7,1
C003,2026-02-05T10:54:08.378021Z,25.97,42.2,1
C002,2026-02-05T10:54:11.383497Z,24.74,39.2,1
C001,2026-02-05T10:54:14.389871Z,24.96,40.7,1
C001,2026-02-05T10:54:17.394821Z,25.6,40.9,1
C001,2026-02-05T10:54:20.397230Z,25.19,39.5,1
C001,2026-02-05T10:54:23.398810Z,25.89,41.7,1
C003,2026-02-05T10:54:26.403797Z,23.85,37.8,1
C003,2026-02-05T10:54:29.409520Z,23.78,40.5,1
C002,2026-02-05T10:54:32.413996Z,24.51,39.1,1
C003,2026-02-05T10:54:35.416938Z,24.65,37.8,1
C003,2026-02-05T10:54:38.417891Z,24.69,37.6,1
C001,2026-02-05T10:54:41.422685Z,25.01,40.7,1
C001,2026-02-05T10:54:44.427965Z,25.12,39.8,1
C002,2026-02-05T10:54:47.428740Z,25.19,37.5,1
C001,2026-02-05T10:54:50.432654Z,22.93,41.9,1
C003,2026-02-05T10:54:53.436567Z,25.9,40.1,1
C003,2026-02-05T10:54:56.440561Z,25.08,38.8,1
C003,2026-02-05T10:54:59.444594Z,24.94,38.7,1
C001,2026-02-05T10:55:02.450285Z,23.92,40.6,1
C003,2026-02-05T10:55:05.455641Z,25.57,39.5,1
C003,2026-02-05T10:55:08.456771Z,24.83,37.2,1
C003,2026-02-05T10:55:11.463072Z,24.19,41.2,1
C002,2026-02-05T10:55:14.468129Z,24.22,39.9,1
C003,2026-02-05T10:55:17.468961Z,25.42,39.8,1
C002,2026-02-05T10:55:20.470041Z,25.53,40.1,1
C002,2026-02-05T10:55:23.472406Z,24.35,37.7,1
C002,2026-02-05T10:55:26.477612Z,25.01,43.7,1
C002,2026-02-05T10:55:29.481326Z,26.09,39.7,1
C002,2026-02-05T10:55:32.485802Z,22.65,38.7,1
C001,2026-02-05T10:55:35.490891Z,26.12,40.3,1
C002,2026-02-05T10:55:38.495017Z,25.7,38.9,1
C001,2026-02-05T10:55:41.498103Z,24.89,41.4,1
C001,2026-02-05T10:55:44.499476Z,25.37,35.8,1
C001,2026-02-05T10:55:47.502479Z,24.62,36.3,1
C002,2026-02-05T10:55:50.508076Z,23.98,37.2,1
C001,2026-02-05T10:55:53.511165Z,24.3,41.8,1
C003,2026-02-05T10:55:56.516238Z,23.52,39.1,1
C001,2026-02-05T10:55:59.519449Z,25.37,39.2,1
C003,2026-02-05T10:56:02.521501Z,26.06,40.2,1
C002,2026-02-05T10:56:05.523621Z,24.17,41.4,1
C002,2026-02-05T10:56:08.527738Z,24.92,40.2,1
C002,2026-02-05T10:56:11.530930Z,25.84,40.5,1
C001,2026-02-05T10:56:14.535927Z,25.63,41.2,1
C001,2026-02-05T10:56:17.537378Z,25.7,42.3,1
C003,2026-02-05T10:56:20.543622Z,13.89,39.8,-1
C001,2026-02-05T10:56:23.549877Z,24.97,38.1,1
C002,2026-02-05T10:56:26.554943Z,25.5,39.3,1
C003,2026-02-05T10:56:29.557661Z,24.93,38.3,1
C003,2026-02-05T10:56:32.562583Z,26.38,40.2,1
C002,2026-02-05T10:56:35.567623Z,26.11,40.8,1
C002,2026-02-05T10:56:38.571185Z,26.28,39.6,1
C003,2026-02-05T10:56:41.576604Z,25.23,36.3,1
C002,2026-02-05T10:56:44.580312Z,25.37,42.4,1
C002,2026-02-05T10:56:47.584586Z,23.64,36.4,1
C001,2026-02-05T10:56:50.587204Z,24.74,39.3,1
C001,2026-02-05T10:56:53.591196Z,23.21,43.4,1
C003,2026-02-05T10:56:56.595680Z,26.55,38.2,1
C002,2026-02-05T10:56:59.599897Z,23.89,42.1,1
C001,2026-02-05T10:57:02.602056Z,26.6,36.7,1
C002,2026-02-05T10:57:05.604718Z,24.8,37.9,1
C001,2026-02-05T10:57:08.607599Z,25.47,41.8,1
C002,2026-02-05T10:57:11.611209Z,25.19,37.0,1
C003,2026-02-05T10:57:14.616712Z,25.7,40.7,1
C001,2026-02-05T10:57:17.619417Z,36.85,38.5,-1
C003,2026-02-05T10:57:20.624935Z,25.49,38.4,1
C001,2026-02-05T10:57:23.629741Z,23.58,36.9,1
C001,2026-02-05T10:57:26.634598Z,23.73,37.7,1
C001,2026-02-05T10:57:29.636493Z,22.65,36.4,1
C002,2026-02-05T10:57:32.640197Z,24.35,40.7,1
C001,2026-02-05T10:57:35.644810Z,25.49,41.9,1
C002,2026-02-05T10:57:38.645625Z,23.93,43.8,1
C003,2026-02-05T10:57:41.646285Z,26.98,42.0,1
C002,2026-02-05T10:57:44.650435Z,24.85,40.4,1
C001,2026-02-05T10:57:47.655344Z,25.65,40.6,1
C003,2026-02-05T10:57:50.656216Z,26.08,39.8,1
C002,2026-02-05T10:57:53.661717Z,25.19,41.0,1
C003,2026-02-05T10:57:56.665646Z,24.27,40.0,1
C001,2026-02-05T10:57:59.666351Z,24.43,37.3,1
C001,2026-02-05T10:58:02.667501Z,25.6,41.2,1
C001,2026-02-05T10:58:05.669368Z,24.58,39.9,1
C003,2026-02-05T10:58:08.674515Z,25.31,41.7,1
C003,2026-02-05T10:58:11.679470Z,24.89,40.9,1
C003,2026-02-05T10:58:14.681347Z,25.1,37.1,1
C003,2026-02-05T10:58:17.684121Z,25.53,42.2,1
C001,2026-02-05T10:58:20.684853Z,25.26,37.3,1
C001,2026-02-05T10:58:23.690080Z,24.44,38.2,1
C003,2026-02-05T10:58:26.690995Z,26.22,36.8,1
C003,2026-02-05T10:58:29.696031Z,25.04,42.4,1
C001,2026-02-05T10:58:32.698659Z,26.24,42.7,1
C002,2026-02-05T10:58:35.703773Z,25.59,39.5,1
C001,2026-02-05T10:58:38.709273Z,25.15,42.3,1
C002,2026-02-05T10:58:41.711752Z,24.69,40.5,1
C001,2026-02-05T10:58:44.717401Z,25.64,40.1,1
C003,2026-02-05T10:58:47.722055Z,25.4,41.1,1
C001,2026-02-05T10:58:50.726298Z,24.2,39.2,1
C003,2026-02-05T10:58:53.728163Z,25.81,38.0,1
C003,2026-02-05T10:58:56.733377Z,24.84,39.9,1
C003,2026-02-05T10:58:59.738702Z,25.56,37.4,1
C003,2026-02-05T10:59:02.741516Z,24.16,42.8,1
C001,2026-02-05T10:59:05.746794Z,25.13,42.2,1
C001,2026-02-05T10:59:08.749314Z,26.03,39.2,1
C002,2026-02-05T10:59:11.753549Z,25.2,39.7,1
C003,2026-02-05T10:59:14.756886Z,24.16,39.6,1
C003,2026-02-05T10:59:17.761498Z,25.73,42.8,1
C001,2026-02-05T10:59:20.765775Z,25.33,40.2,1
C003,2026-02-05T10:59:23.767957Z,24.82,38.8,1
C003,2026-02-05T10:59:26.772116Z,24.32,38.3,1
C001,2026-02-05T10:59:29.773095Z,25.58,37.9,1
C002,2026-02-05T10:59:32.776063Z,24.37,40.4,1
C002,2026-02-05T10:59:35.779491Z,24.69,41.0,1
C001,2026-02-05T10:59:38.784697Z,25.2,44.5,1
C003,2026-02-05T10:59:41.788029Z,26.54,42.1,1
C002,2026-02-05T10:59:44.791874Z,25.4,39.5,1
C003,2026-02-05T10:59:47.796986Z,25.79,36.3,1
C003,2026-02-05T10:59:50.802532Z,24.86,39.5,1
C003,2026-02-05T10:59:53.806447Z,25.9,40.1,1
C003,2026-02-05T10:59:56.811496Z,24.79,41.4,1
C003,2026-02-05T10:59:59.816775Z,24.57,40.5,1
C001,2026-02-05T11:00:02.821663Z,25.02,41.2,1
C003,2026-02-05T11:00:05.827012Z,34.48,42.5,-1
C003,2026-02-05T11:00:08.829279Z,24.89,40.9,1
C003,2026-02-05T11:00:11.832426Z,26.61,39.6,1
C003,2026-02-05T11:00:14.838164Z,23.58,43.9,1
C001,2026-02-05T11:00:17.842034Z,25.81,42.9,1
C003,2026-02-05T11:00:20.847613Z,24.98,38.2,1
C002,2026-02-05T11:00:23.853267Z,25.14,41.2,1
C002,2026-02-05T11:00:26.856101Z,25.31,40.1,1
C003,2026-02-05T11:00:29.862088Z,24.42,38.0,1
C003,2026-02-05T11:00:32.867384Z,25.06,40.4,1
C002,2026-02-05T11:00:35.867979Z,25.0,39.6,1
C003,2026-02-05T11:00:38.869260Z,26.46,40.5,1
C002,2026-02-05T11:00:41.873659Z,14.63,39.8,-1
C003,2026-02-05T11:00:44.878172Z,16.71,39.5,-1
C002,2026-02-05T11:00:47.883894Z,25.18,38.2,1
C003,2026-02-05T11:00:50.888877Z,25.86,40.3,1
C003,2026-02-05T11:00:53.890435Z,24.68,37.3,1
C003,2026-02-05T11:00:56.895802Z,26.17,37.7,1
C003,2026-02-05T11:00:59.901059Z,25.63,42.1,1
C003,2026-02-05T11:01:02.905447Z,24.37,40.0,1
C002,2026-02-05T11:01:05.908712Z,25.18,39.9,1
C002,2026-02-05T11:01:08.913861Z,24.76,35.5,1
C003,2026-02-05T11:01:11.917737Z,26.07,38.6,1
C002,2026-02-05T11:01:14.920417Z,25.24,40.9,1
C003,2026-02-05T11:01:17.924165Z,23.22,40.6,1
C002,2026-02-05T11:01:20.927085Z,23.83,41.7,1
C001,2026-02-05T11:01:23.932006Z,24.58,39.8,1
C003,2026-02-05T11:01:26.936660Z,25.61,40.6,1
C002,2026-02-05T11:01:29.939453Z,25.69,42.8,1
C001,2026-02-05T11:01:32.944376Z,25.4,40.6,1
C001,2026-02-05T11:01:35.945749Z,25.71,40.7,1
C002,2026-02-05T11:01:38.946229Z,24.22,39.7,1
C002,2026-02-05T11:01:41.951349Z,24.39,39.2,1
C003,2026-02-05T11:01:44.958570Z,23.31,41.1,1
C002,2026-02-05T11:01:47.964887Z,24.1,40.4,1
C001,2026-02-05T11:01:50.970616Z,24.02,37.9,1
C003,2026-02-05T11:01:53.976016Z,25.52,41.3,1
C002,2026-02-05T11:01:56.980996Z,24.98,40.7,1
C003,2026-02-05T11:01:59.982913Z,24.28,44.5,1
C003,2026-02-05T11:02:02.986076Z,26.35,39.1,1
C003,2026-02-05T11:02:05.989823Z,24.78,40.6,1
C002,2026-02-05T11:02:08.991376Z,23.4,42.5,1
C002,2026-02-05T11:02:11.993698Z,25.18,44.4,1
C002,2026-02-05T11:02:14.998925Z,25.39,41.9,1
C002,2026-02-05T11:02:18.002469Z,25.05,33.4,1
C001,2026-02-05T11:02:21.007440Z,26.69,37.1,1
C001,2026-02-05T11:02:24.012081Z,36.57,40.4,-1
C001,2026-02-05T11:02:27.017282Z,23.15,40.6,1
C002,2026-02-05T11:02:30.022461Z,27.13,40.9,1
C001,2026-02-05T11:02:33.028118Z,25.58,44.8,1
C002,2026-02-05T11:02:36.029151Z,26.31,39.0,1
C003,2026-02-05T11:02:39.029543Z,25.7,44.2,1
C003,2026-02-05T11:02:42.033922Z,26.23,42.1,1
C003,2026-02-05T11:02:45.038663Z,25.91,41.7,1
C002,2026-02-05T11:02:48.041670Z,23.02,42.5,1
C002,2026-02-05T11:02:51.044699Z,24.85,41.8,1
C001,2026-02-05T11:02:54.049392Z,25.75,42.3,1
C002,2026-02-05T11:02:57.054763Z,25.2,37.0,1
C003,2026-02-05T11:03:00.058797Z,25.08,42.5,1
C002,2026-02-05T11:03:03.061239Z,25.4,40.8,1
C002,2026-02-05T11:03:06.062139Z,26.87,40.1,1
C002,2026-02-05T11:03:09.066392Z,24.73,41.1,1
C002,2026-02-05T11:03:12.069858Z,25.33,38.1,1
C003,2026-02-05T11:03:15.071360Z,23.28,41.0,1
C003,2026-02-05T11:03:18.076889Z,25.76,42.6,1
C003,2026-02-05T11:03:21.081884Z,26.32,38.9,1
C002,2026-02-05T11:03:24.082602Z,24.01,38.6,1
C002,2026-02-05T11:03:27.088124Z,24.3,38.7,1
C002,2026-02-05T11:03:30.093305Z,24.54,39.9,1
C001,2026-02-05T11:03:33.095804Z,24.54,44.5,1
C003,2026-02-05T11:03:36.098944Z,25.81,41.1,1
C002,2026-02-05T11:03:39.100027Z,24.76,37.6,1
C001,2026-02-05T11:03:42.100620Z,23.95,42.9,1
C003,2026-02-05T11:03:45.104297Z,23.77,41.4,1
C002,2026-02-05T11:03:48.109091Z,23.89,37.4,1
C003,2026-02-05T11:03:51.112851Z,17.13,41.1,-1
C001,2026-02-05T11:03:54.116015Z,23.17,37.8,1
C001,2026-02-05T11:03:57.118838Z,24.8,40.1,1
C002,2026-02-05T11:04:00.124004Z,26.1,38.0,1
C001,2026-02-05T11:04:03.127708Z,23.87,41.1,1
C003,2026-02-05T11:04:06.129878Z,25.49,42.2,1
C003,2026-02-05T11:04:09.135637Z,25.35,36.1,1
C003,2026-02-05T11:04:12.141063Z,25.84,40.6,1
C001,2026-02-05T11:04:15.146917Z,24.67,41.6,1
C002,2026-02-05T11:04:18.162633Z,24.42,40.6,1
C003,2026-02-05T11:04:21.169440Z,24.55,41.1,1
C002,2026-02-05T11:04:24.172922Z,24.15,41.4,1
C003,2026-02-05T11:04:27.176911Z,24.53,38.0,1
C001,2026-02-05T11:04:30.181432Z,25.44,40.7,1
C002,2026-02-05T11:04:33.186136Z,23.92,40.5,1
C001,2026-02-05T11:04:36.188132Z,23.98,38.1,1
C002,2026-02-05T11:04:39.192910Z,25.4,41.9,1
C003,2026-02-05T11:04:42.197143Z,24.71,40.6,1
C001,2026-02-05T11:04:45.199359Z,14.6,38.3,-1
C002,2026-02-05T11:04:48.205366Z,25.84,42.0,1
C003,2026-02-05T11:04:51.211060Z,25.07,40.3,1
C003,2026-02-05T11:04:54.217011Z,37.44,40.5,-1
C001,2026-02-05T11:04:57.224949Z,25.75,40.7,1
C001,2026-02-05T11:05:00.229471Z,25.38,36.5,1
C001,2026-02-05T11:05:03.232354Z,15.68,41.6,-1
C002,2026-02-05T11:05:06.236274Z,25.92,40.1,1
C002,2026-02-05T11:05:09.238528Z,25.17,36.3,1
C002,2026-02-05T11:05:12.240947Z,24.32,42.9,1
C003,2026-02-05T11:05:15.244328Z,24.52,43.1,1
C003,2026-02-05T11:05:18.249698Z,26.01,42.2,1
C003,2026-02-05T11:05:21.254895Z,24.6,42.5,1
C001,2026-02-05T11:05:24.257287Z,25.19,43.4,1
C003,2026-02-05T11:05:27.260976Z,25.09,42.1,1
C003,2026-02-05T11:05:30.264584Z,24.61,38.3,1
C001,2026-02-05T11:05:33.266426Z,27.29,42.3,1
C002,2026-02-05T11:05:36.270947Z,26.38,37.3,1
C001,2026-02-05T11:05:39.275012Z,24.65,40.2,1
C003,2026-02-05T11:05:42.279950Z,25.99,41.6,1
C002,2026-02-05T11:05:45.284964Z,24.35,39.8,1
C001,2026-02-05T11:05:48.287477Z,25.27,39.9,1
C002,2026-02-05T11:05:51.290995Z,26.11,38.0,1
C003,2026-02-05T11:05:54.292616Z,23.12,39.4,1
C003,2026-02-05T11:05:57.298268Z,25.16,37.7,1
C001,2026-02-05T11:06:00.303531Z,24.79,38.1,1
C003,2026-02-05T11:06:03.308777Z,24.98,40.4,1
C003,2026-02-05T11:06:06.313701Z,24.57,42.1,1
C003,2026-02-05T11:06:09.316003Z,23.22,39.3,1
C001,2026-02-05T11:06:12.321265Z,26.44,39.4,1
C003,2026-02-05T11:06:15.326723Z,24.77,40.0,1
C002,2026-02-05T11:06:18.331585Z,24.85,42.8,1
C003,2026-02-05T11:06:21.336762Z,26.93,37.6,1
C002,2026-02-05T11:06:24.340515Z,24.43,40.2,1
C003,2026-02-05T11:06:27.344684Z,23.49,38.8,1
C003,2026-02-05T11:06:30.351676Z,24.22,40.5,1
C001,2026-02-05T11:06:33.355265Z,23.29,38.2,1
C002,2026-02-05T11:06:36.358187Z,25.28,41.8,1
C001,2026-02-05T11:06:39.363567Z,24.16,40.9,1
C001,2026-02-05T11:06:42.365488Z,25.44,40.0,1
C002,2026-02-05T11:06:45.366162Z,36.92,40.4,-1
C002,2026-02-05T11:06:48.371455Z,25.21,44.9,1
C001,2026-02-05T11:06:51.376735Z,24.64,36.6,1
C001,2026-02-05T11:06:54.379034Z,24.06,39.0,1
C002,2026-02-05T11:06:57.384404Z,25.32,37.3,1
C001,2026-02-05T11:07:00.386601Z,25.58,40.3,1
C002,2026-02-05T11:07:03.388387Z,26.08,39.8,1
C001,2026-02-05T11:07:06.389728Z,24.39,39.7,1
C002,2026-02-05T11:07:09.395034Z,24.72,40.6,1
C003,2026-02-05T11:07:12.399290Z,23.99,38.6,1
C003,2026-02-05T11:07:15.404242Z,25.05,40.5,1
C001,2026-02-05T11:07:18.409432Z,25.72,39.7,1
C003,2026-02-05T11:07:21.418490Z,25.84,40.8,1
C002,2026-02-05T11:07:24.423961Z,24.85,42.4,1
C003,2026-02-05T11:07:27.428370Z,23.15,39.8,1
C002,2026-02-05T11:07:30.431517Z,25.33,39.2,1
C002,2026-02-05T11:07:33.436376Z,24.87,40.7,1
C001,2026-02-05T11:07:36.440979Z,25.2,39.2,1
C001,2026-02-05T11:07:39.444598Z,23.5,42.7,1
C001,2026-02-05T11:07:42.447478Z,22.48,37.8,-1
C001,2026-02-05T11:07:45.452066Z,24.63,41.5,1
C001,2026-02-05T11:07:48.455137Z,24.72,40.1,1
C002,2026-02-05T11:07:51.463733Z,24.96,38.1,1
C003,2026-02-05T11:07:54.469839Z,24.51,42.7,1
C002,2026-02-05T11:07:57.472403Z,23.83,37.2,1
C003,2026-02-05T11:08:00.485296Z,25.7,35.7,1
C002,2026-02-05T11:08:03.490935Z,24.67,40.7,1
C001,2026-02-05T11:08:06.492086Z,26.36,40.9,1
C001,2026-02-05T11:08:09.494315Z,25.83,41.2,1
C003,2026-02-05T11:08:12.499489Z,24.19,41.5,1
C001,2026-02-05T11:08:15.501385Z,25.65,39.7,1
C001,2026-02-05T11:08:18.504944Z,25.39,40.7,1
C001,2026-02-05T11:08:21.508147Z,25.45,38.3,1
C003,2026-02-05T11:08:24.510696Z,22.68,45.4,1
C003,2026-02-05T11:08:27.513241Z,24.39,41.3,1
C002,2026-02-05T11:08:30.515343Z,25.1,44.0,1
C002,2026-02-05T11:08:33.520854Z,38.65,41.8,-1
C003,2026-02-05T11:08:36.522612Z,25.77,39.7,1
C003,2026-02-05T11:08:39.528879Z,25.47,41.4,1
C001,2026-02-05T11:08:42.533964Z,24.49,39.4,1
C003,2026-02-05T11:08:45.538551Z,24.71,37.2,1
C001,2026-02-05T11:08:48.541394Z,25.98,40.8,1
C001,2026-02-05T11:08:51.544547Z,25.5,41.4,1
C001,2026-02-05T11:08:54.549754Z,24.99,39.4,1
C001,2026-02-05T11:08:57.555184Z,23.8,40.1,1
C001,2026-02-05T11:09:00.560623Z,24.95,41.0,1
C002,2026-02-05T11:09:03.566445Z,23.76,41.0,1
C001,2026-02-05T11:09:06.571519Z,23.93,38.7,1
C003,2026-02-05T11:09:09.577236Z,14.67,41.5,-1
C003,2026-02-05T11:09:12.579196Z,26.07,40.1,1
C003,2026-02-05T11:09:15.581477Z,25.22,39.8,1
C003,2026-02-05T11:09:18.585343Z,25.83,40.7,1
C002,2026-02-05T11:09:21.588434Z,24.94,41.5,1
C003,2026-02-05T11:09:24.593698Z,36.75,39.8,-1
C001,2026-02-05T11:09:27.595140Z,25.79,34.9,1
C002,2026-02-05T11:09:30.599204Z,23.73,37.9,1
C001,2026-02-05T11:09:33.604709Z,24.7,42.2,1
C003,2026-02-05T11:09:36.610265Z,24.77,43.2,1
C003,2026-02-05T11:09:39.615731Z,24.93,41.4,1
C002,2026-02-05T11:09:42.616455Z,24.62,39.9,1
C002,2026-02-05T11:09:45.621365Z,23.12,36.9,1
C001,2026-02-05T11:09:48.624470Z,25.03,39.6,1
C001,2026-02-05T11:09:51.629841Z,15.3,36.7,-1
C002,2026-02-05T11:09:54.630442Z,25.71,42.2,1
C003,2026-02-05T11:09:57.632465Z,24.65,42.3,1
C002,2026-02-05T11:10:00.636982Z,24.32,41.4,1
C002,2026-02-05T11:10:03.639771Z,24.42,36.0,1
C003,2026-02-05T11:10:06.641585Z,23.39,38.4,1
C001,2026-02-05T11:10:09.647062Z,24.36,37.9,1
C001,2026-02-05T11:10:12.648503Z,37.53,40.9,-1
C001,2026-02-05T11:10:15.653927Z,23.51,40.6,1
C001,2026-02-05T11:10:18.659654Z,24.53,36.4,1
C001,2026-02-05T11:10:21.664555Z,25.19,42.3,1
C002,2026-02-05T11:10:24.669689Z,24.93,41.5,1
C002,2026-02-05T11:10:27.674946Z,24.24,41.7,1
C003,2026-02-05T11:10:30.679756Z,26.52,39.3,1
C001,2026-02-05T11:10:33.681507Z,25.22,39.9,1
C002,2026-02-05T11:10:36.682401Z,25.95,38.9,1
C001,2026-02-05T11:10:39.683018Z,23.65,37.8,1
C002,2026-02-05T11:10:42.683316Z,26.1,40.3,1
C001,2026-02-05T11:10:45.688491Z,24.73,39.1,1
C003,2026-02-05T11:10:48.691252Z,23.58,36.1,1
C003,2026-02-05T11:10:51.696183Z,25.54,40.7,1
C003,2026-02-05T11:10:54.701434Z,36.99,39.5,-1
C002,2026-02-05T11:10:57.706555Z,24.66,37.0,1
C002,2026-02-05T11:11:00.709830Z,24.5,38.8,1
C003,2026-02-05T11:11:03.715284Z,25.64,42.6,1
C001,2026-02-05T11:11:06.718629Z,37.78,39.8,-1
C001,2026-02-05T11:11:09.723611Z,26.02,40.8,1
C003,2026-02-05T11:11:12.725775Z,25.1,40.7,1
C002,2026-02-05T11:11:15.727453Z,14.6,38.3,-1
C002,2026-02-05T11:11:18.732301Z,25.55,42.2,1
C002,2026-02-05T11:11:21.737846Z,24.6,44.8,1
C003,2026-02-05T11:11:24.741751Z,37.27,41.9,-1
C002,2026-02-05T11:11:27.746831Z,24.76,38.1,1
C001,2026-02-05T11:11:30.749786Z,24.2,37.4,1
C002,2026-02-05T11:11:33.754807Z,24.86,40.6,1
C003,2026-02-05T11:11:36.759524Z,23.16,44.7,1
C002,2026-02-05T11:11:39.760860Z,26.2,38.2,1
C003,2026-02-05T11:11:42.763155Z,25.99,43.5,1
C003,2026-02-05T11:11:45.766285Z,24.82,40.5,1
C001,2026-02-05T11:11:48.771806Z,24.81,37.0,1
C003,2026-02-05T11:11:51.777711Z,24.01,40.6,1
C002,2026-02-05T11:11:54.783241Z,25.48,41.6,1
C003,2026-02-05T11:11:57.784633Z,26.27,39.7,1
C001,2026-02-05T11:12:00.788926Z,25.26,38.5,1
C002,2026-02-05T11:12:03.789856Z,25.29,39.2,1
C002,2026-02-05T11:12:06.796172Z,25.29,40.3,1
C003,2026-02-05T11:12:09.797146Z,23.14,41.5,1
C003,2026-02-05T11:12:12.797947Z,24.8,37.7,1
C002,2026-02-05T11:12:15.802262Z,25.44,41.4,1
C002,2026-02-05T11:12:18.805250Z,25.67,38.6,1
C002,2026-02-05T11:12:21.808428Z,23.99,41.5,1
C001,2026-02-05T11:12:24.813672Z,24.63,44.0,1
C003,2026-02-05T11:12:27.819236Z,24.95,35.6,1
C001,2026-02-05T11:12:30.824750Z,14.4,42.6,-1
C003,2026-02-05T11:12:33.829653Z,24.52,39.6,1
C001,2026-02-05T11:12:36.834916Z,25.47,40.8,1
C003,2026-02-05T11:12:39.840350Z,23.29,37.2,1
C001,2026-02-05T11:12:42.840659Z,25.15,39.6,1
C002,2026-02-05T11:12:45.845874Z,23.91,38.0,1
C001,2026-02-05T11:12:48.848607Z,26.36,39.5,1
C001,2026-02-05T11:12:51.853474Z,23.64,38.3,1
C001,2026-02-05T11:12:54.855449Z,24.77,36.5,1
C003,2026-02-05T11:12:57.860244Z,24.16,43.9,1
C003,2026-02-05T11:13:00.861105Z,24.65,43.7,1
C003,2026-02-05T11:13:03.863953Z,24.33,36.8,1
C002,2026-02-05T11:13:06.869449Z,24.02,38.7,1
C001,2026-02-05T11:13:09.872290Z,24.19,36.7,1
C001,2026-02-05T11:13:12.873306Z,24.32,43.0,1
C003,2026-02-05T11:13:15.877500Z,24.56,38.2,1
C003,2026-02-05T11:13:18.881414Z,25.08,38.9,1
C001,2026-02-05T11:13:21.883360Z,25.49,40.8,1
C001,2026-02-05T11:13:24.887943Z,24.85,39.4,1
C003,2026-02-05T11:13:27.888817Z,25.85,38.8,1
C003,2026-02-05T11:13:30.893750Z,24.61,39.3,1
C002,2026-02-05T11:13:33.894379Z,25.24,39.7,1
C002,2026-02-05T11:13:36.895985Z,24.56,39.7,1
C001,2026-02-05T11:13:39.897173Z,24.82,44.5,1
C001,2026-02-05T11:13:42.902611Z,26.14,41.7,1
C001,2026-02-05T11:13:45.906073Z,24.63,37.3,1
C003,2026-02-05T11:13:48.916485Z,24.75,39.9,1
C002,2026-02-05T11:13:51.923769Z,25.14,39.9,1
C001,2026-02-05T11:13:54.933316Z,25.23,37.9,1
C001,2026-02-05T11:13:57.936823Z,23.3,39.1,1
C002,2026-02-05T11:14:00.946823Z,24.19,39.7,1
C002,2026-02-05T11:14:03.957597Z,25.4,39.0,1
C002,2026-02-05T11:14:06.961017Z,24.32,40.0,1
C001,2026-02-05T11:14:09.966880Z,25.16,39.2,1
C001,2026-02-05T11:14:12.974287Z,24.0,38.5,1
C002,2026-02-05T11:14:15.979501Z,15.69,41.0,-1
C002,2026-02-05T11:14:18.984212Z,26.52,41.3,1
C002,2026-02-05T11:14:21.994846Z,25.78,36.6,1
C001,2026-02-05T11:14:24.998192Z,24.73,41.4,1
C003,2026-02-05T11:14:28.006200Z,24.01,42.4,1
C003,2026-02-05T11:14:31.012641Z,26.47,39.8,1
C003,2026-02-05T11:14:34.013971Z,25.19,40.4,1
C002,2026-02-05T11:14:37.015754Z,24.29,37.9,1
C003,2026-02-05T11:14:40.024392Z,15.66,40.7,-1
C001,2026-02-05T11:14:43.027663Z,25.14,39.6,1
C003,2026-02-05T11:14:46.036338Z,26.48,41.6,1
C001,2026-02-05T11:14:49.046250Z,25.64,39.2,1
C001,2026-02-05T11:14:52.053230Z,25.29,39.5,1
C003,2026-02-05T11:14:55.063797Z,25.11,35.1,1
C002,2026-02-05T11:14:58.072868Z,25.12,43.2,1
C001,2026-02-05T11:15:01.080171Z,25.7,38.8,1
C003,2026-02-05T11:15:04.083045Z,24.27,40.5,1
C001,2026-02-05T11:15:07.090366Z,25.46,41.4,1
C003,2026-02-05T11:15:10.091944Z,24.5,37.0,1
C001,2026-02-05T11:15:13.102494Z,26.2,39.1,1
C002,2026-02-05T11:15:16.112685Z,25.36,39.1,1
C002,2026-02-05T11:15:19.119813Z,24.41,36.6,1
C003,2026-02-05T11:15:22.129569Z,23.36,37.2,1
C003,2026-02-05T11:15:25.138756Z,23.62,40.6,1
C002,2026-02-05T11:15:28.146384Z,25.34,39.8,1
C001,2026-02-05T11:15:31.154264Z,14.71,37.5,-1
C003,2026-02-05T11:15:34.161510Z,25.41,38.6,1
C001,2026-02-05T11:15:37.169882Z,25.76,41.7,1
C003,2026-02-05T11:15:40.172716Z,23.87,39.3,1
C002,2026-02-05T11:15:43.183422Z,25.0,40.8,1
C001,2026-02-05T11:15:46.193788Z,24.16,40.6,1
C001,2026-02-05T11:15:49.203261Z,25.81,36.5,1
C001,2026-02-05T11:15:52.204940Z,25.34,39.7,1
C001,2026-02-05T11:15:55.214858Z,26.43,36.6,1
C003,2026-02-05T11:15:58.218316Z,25.44,39.1,1
C002,2026-02-05T11:16:01.223947Z,25.35,41.3,1
C002,2026-02-05T11:16:04.231501Z,27.45,39.9,-1
C002,2026-02-05T11:16:07.238742Z,16.22,41.3,-1
C001,2026-02-05T11:16:10.246728Z,26.37,41.7,1
C002,2026-02-05T11:16:13.257260Z,24.7,37.8,1
C002,2026-02-05T11:16:16.264312Z,24.0,36.6,1
C002,2026-02-05T11:16:19.274321Z,23.72,40.5,1
C003,2026-02-05T11:16:22.286271Z,24.69,39.9,1
C001,2026-02-05T11:16:25.296590Z,25.3,41.1,1
C002,2026-02-05T11:16:28.307053Z,25.52,40.3,1
C001,2026-02-05T11:16:31.317386Z,24.85,43.4,1
C003,2026-02-05T11:16:34.326673Z,24.58,40.8,1
C002,2026-02-05T11:16:37.336882Z,25.06,39.6,1
C002,2026-02-05T11:16:40.345587Z,24.81,43.5,1
C002,2026-02-05T11:16:43.355102Z,25.02,41.7,1
C003,2026-02-05T11:16:46.365235Z,25.04,38.2,1
C001,2026-02-05T11:16:49.374677Z,23.26,40.7,1
C001,2026-02-05T11:16:52.382489Z,25.48,35.9,1
C003,2026-02-05T11:16:55.384986Z,25.23,41.0,1
C003,2026-02-05T11:16:58.385270Z,25.74,36.2,1
C002,2026-02-05T11:17:01.389515Z,25.38,39.6,1
C001,2026-02-05T11:17:04.398230Z,26.96,36.8,1
C001,2026-02-05T11:17:07.408116Z,24.73,41.4,1
C002,2026-02-05T11:17:10.415637Z,24.4,36.6,1
C001,2026-02-05T11:17:13.425378Z,24.3,39.2,1
C003,2026-02-05T11:17:16.435796Z,25.12,40.6,1
C002,2026-02-05T11:17:19.445949Z,25.34,40.7,1
C001,2026-02-05T11:17:22.448799Z,24.18,40.4,1
C003,2026-02-05T11:17:25.451066Z,14.88,42.1,-1
C003,2026-02-05T11:17:28.461427Z,24.83,38.3,1
C001,2026-02-05T11:17:31.462695Z,24.14,43.5,1
C003,2026-02-05T11:17:34.471911Z,25.75,37.8,1
C001,2026-02-05T11:17:37.481414Z,25.05,38.2,1
C001,2026-02-05T11:17:40.491377Z,25.24,40.5,1
C002,2026-02-05T11:17:43.498421Z,25.96,38.0,1
C003,2026-02-05T11:17:46.507879Z,23.64,39.9,1
C001,2026-02-05T11:17:49.517998Z,24.89,37.0,1
C001,2026-02-05T11:17:52.527312Z,14.45,42.4,-1
C001,2026-02-05T11:17:55.530955Z,37.82,35.4,-1
C001,2026-02-05T11:17:58.534777Z,24.53,41.8,1
C002,2026-02-05T11:18:01.543357Z,14.85,35.1,-1
C002,2026-02-05T11:18:04.553643Z,25.12,43.2,1
C003,2026-02-05T11:18:07.563209Z,24.13,41.3,1
C001,2026-02-05T11:18:10.566839Z,24.99,36.7,1
C002,2026-02-05T11:18:13.576946Z,25.18,39.7,1
C003,2026-02-05T11:18:16.587439Z,24.44,38.8,1
C002,2026-02-05T11:18:19.589587Z,23.83,43.1,1
C001,2026-02-05T11:18:22.590667Z,24.68,40.6,1
C003,2026-02-05T11:18:25.592453Z,25.02,38.5,1
C002,2026-02-05T11:18:28.599485Z,24.72,38.9,1
C001,2026-02-05T11:18:31.608652Z,25.12,41.4,1
C003,2026-02-05T11:18:34.618973Z,24.78,41.1,1
C002,2026-02-05T11:18:37.627558Z,24.55,41.2,1
C001,2026-02-05T11:18:40.637554Z,24.66,36.0,1
C002,2026-02-05T11:18:43.646197Z,25.17,38.9,1
C001,2026-02-05T11:18:46.648288Z,24.67,38.1,1
C001,2026-02-05T11:18:49.654731Z,26.22,39.3,1
C003,2026-02-05T11:18:52.664857Z,24.49,45.3,1
C002,2026-02-05T11:18:55.674973Z,24.06,38.4,1
C002,2026-02-05T11:18:58.680817Z,24.74,38.4,1
C003,2026-02-05T11:19:01.685811Z,25.82,41.3,1
C002,2026-02-05T11:19:04.689673Z,37.7,38.6,-1
C002,2026-02-05T11:19:07.697898Z,14.92,41.2,-1
C001,2026-02-05T11:19:10.706689Z,23.24,39.6,1
C001,2026-02-05T11:19:13.713811Z,25.33,41.4,1
C002,2026-02-05T11:19:16.716939Z,25.55,42.1,1
C001,2026-02-05T11:19:19.725483Z,23.79,37.9,1
C002,2026-02-05T11:19:22.737692Z,24.24,42.2,1
C001,2026-02-05T11:19:25.745953Z,23.76,38.6,1
C002,2026-02-05T11:19:28.754738Z,24.11,38.6,1
C002,2026-02-05T11:19:31.764389Z,25.02,38.7,1
C002,2026-02-05T11:19:34.771264Z,16.2,40.9,-1
C003,2026-02-05T11:19:37.781196Z,24.4,40.6,1
C003,2026-02-05T11:19:40.788891Z,24.87,37.4,1
C002,2026-02-05T11:19:43.795730Z,24.58,39.6,1
C003,2026-02-05T11:19:46.799550Z,24.17,40.1,1
C002,2026-02-05T11:19:49.801126Z,25.91,35.8,1
C003,2026-02-05T11:19:52.802553Z,24.68,39.7,1
C002,2026-02-05T11:19:55.809344Z,24.36,38.2,1
C002,2026-02-05T11:19:58.819655Z,24.9,38.5,1
C001,2026-02-05T11:20:01.823542Z,23.76,43.2,1
C002,2026-02-05T11:20:04.828651Z,24.31,40.0,1
C001,2026-02-05T11:20:07.838126Z,37.73,39.8,-1
C001,2026-02-05T11:20:10.847809Z,26.29,39.8,1
C002,2026-02-05T11:20:13.851606Z,24.51,39.9,1
C002,2026-02-05T11:20:16.854269Z,26.13,43.0,1
C002,2026-02-05T11:20:19.863714Z,24.7,41.1,1
C003,2026-02-05T11:20:22.870380Z,24.51,41.7,1
C001,2026-02-05T11:20:25.881496Z,26.28,40.1,1
C001,2026-02-05T11:20:28.884852Z,24.6,38.0,1
C002,2026-02-05T11:20:31.890225Z,24.42,41.7,1
C003,2026-02-05T11:20:34.898088Z,24.7,42.5,1
C003,2026-02-05T11:20:37.904764Z,24.71,42.0,1
C001,2026-02-05T11:20:40.912705Z,24.99,39.8,1
C003,2026-02-05T11:20:43.922901Z,23.78,43.1,1
C002,2026-02-05T11:20:46.933174Z,25.08,39.6,1
C003,2026-02-05T11:20:49.943711Z,25.99,40.6,1
C001,2026-02-05T11:20:52.949435Z,24.62,41.9,1
C002,2026-02-05T11:20:55.951182Z,23.99,40.3,1
C002,2026-02-05T11:20:58.955196Z,16.09,40.5,-1
C003,2026-02-05T11:21:01.957851Z,24.04,41.1,1
C002,2026-02-05T11:21:04.961096Z,24.66,39.5,1
C003,2026-02-05T11:21:07.971281Z,26.3,42.4,1
C002,2026-02-05T11:21:10.979763Z,23.94,41.2,1
C003,2026-02-05T11:21:13.986753Z,24.83,42.5,1
C001,2026-02-05T11:21:16.991225Z,24.27,34.8,1
C002,2026-02-05T11:21:19.996899Z,24.06,40.6,1
C002,2026-02-05T11:21:23.004138Z,25.85,40.8,1
C002,2026-02-05T11:21:26.012748Z,25.44,42.5,1
C002,2026-02-05T11:21:29.019898Z,24.37,39.4,1
C002,2026-02-05T11:21:32.025956Z,24.96,41.9,1
C001,2026-02-05T11:21:35.033237Z,25.03,41.1,1
C003,2026-02-05T11:21:38.036131Z,26.22,39.6,1
C001,2026-02-05T11:21:41.045187Z,25.35,39.6,1
C002,2026-02-05T11:21:44.052910Z,24.69,43.0,1
C002,2026-02-05T11:21:47.060221Z,23.62,37.5,1
C002,2026-02-05T11:21:50.064656Z,25.52,37.6,1
C003,2026-02-05T11:21:53.072084Z,24.06,40.8,1
C003,2026-02-05T11:21:56.080933Z,25.84,39.0,1
C003,2026-02-05T11:21:59.088779Z,24.62,41.7,1
C002,2026-02-05T11:22:02.098572Z,24.54,43.1,1
C003,2026-02-05T11:22:05.107428Z,25.49,41.1,1
C001,2026-02-05T11:22:08.114392Z,24.25,39.5,1
C003,2026-02-05T11:22:11.123608Z,26.61,40.8,1
C003,2026-02-05T11:22:14.130506Z,26.07,40.8,1
C001,2026-02-05T11:22:17.138845Z,25.71,37.3,1
C001,2026-02-05T11:22:20.148726Z,24.81,40.4,1
C002,2026-02-05T11:22:23.153279Z,25.28,43.3,1
C003,2026-02-05T11:22:26.159493Z,23.87,41.3,1
C003,2026-02-05T11:22:29.163504Z,25.26,41.6,1
C001,2026-02-05T11:22:32.170521Z,25.17,38.2,1
C001,2026-02-05T11:22:35.178796Z,24.33,42.3,1
C002,2026-02-05T11:22:38.184447Z,25.27,35.5,1
C003,2026-02-05T11:22:41.194807Z,25.14,38.7,1
C002,2026-02-05T11:22:44.200240Z,26.6,39.0,1
C001,2026-02-05T11:22:47.208306Z,24.13,41.4,1
C002,2026-02-05T11:22:50.214590Z,25.0,37.5,1
C001,2026-02-05T11:22:53.215592Z,24.88,39.5,1
C003,2026-02-05T11:22:56.225875Z,25.25,42.0,1
C001,2026-02-05T11:22:59.232066Z,25.72,40.4,1
C002,2026-02-05T11:23:02.237168Z,24.62,37.6,1
C001,2026-02-05T11:23:05.239889Z,26.22,37.6,1
C003,2026-02-05T11:23:08.247638Z,24.19,38.6,1
C001,2026-02-05T11:23:11.250276Z,25.22,38.4,1
C003,2026-02-05T11:23:14.258203Z,24.9,39.2,1
C002,2026-02-05T11:23:17.268991Z,23.63,39.5,1
C002,2026-02-05T11:23:20.271694Z,25.71,43.6,1
C003,2026-02-05T11:23:23.282080Z,25.52,43.2,1
C002,2026-02-05T11:23:26.289258Z,24.97,42.1,1
C003,2026-02-05T11:23:29.298090Z,25.26,39.8,1
C002,2026-02-05T11:23:32.305904Z,24.81,39.7,1
C001,2026-02-05T11:23:35.306621Z,25.56,34.6,1
C002,2026-02-05T11:23:38.316723Z,26.3,33.9,1
C001,2026-02-05T11:23:41.326865Z,26.69,41.0,1
C002,2026-02-05T11:23:44.333111Z,24.46,43.1,1
C003,2026-02-05T11:23:47.335499Z,25.84,36.9,1
C003,2026-02-05T11:23:50.344541Z,25.95,38.1,1
C003,2026-02-05T11:23:53.349352Z,23.41,42.4,1
C002,2026-02-05T11:23:56.359469Z,23.97,41.2,1
C003,2026-02-05T11:23:59.365245Z,25.89,42.6,1
C002,2026-02-05T11:24:02.374768Z,24.96,42.0,1
C001,2026-02-05T11:24:05.378539Z,23.88,38.8,1
C003,2026-02-05T11:24:08.389095Z,25.72,42.1,1
C001,2026-02-05T11:24:11.397510Z,25.09,40.0,1
C001,2026-02-05T11:24:14.406232Z,24.5,40.3,1
C001,2026-02-05T11:24:17.415014Z,26.1,39.1,1
C003,2026-02-05T11:24:20.422862Z,37.58,38.3,-1
C001,2026-02-05T11:24:23.424141Z,23.87,40.5,1
C001,2026-02-05T11:24:26.434327Z,25.75,42.4,1
C003,2026-02-05T11:24:29.443022Z,25.38,41.3,1
C003,2026-02-05T11:24:32.451486Z,24.29,38.3,1
C001,2026-02-05T11:24:35.453581Z,25.24,40.6,1
C001,2026-02-05T11:24:38.461739Z,25.55,42.0,1
C003,2026-02-05T11:24:41.472531Z,23.41,40.1,1
C001,2026-02-05T11:24:44.481863Z,25.09,41.4,1
C002,2026-02-05T11:24:47.487964Z,25.43,39.3,1
C003,2026-02-05T11:24:50.497319Z,24.54,42.4,1
C001,2026-02-05T11:24:53.499034Z,27.28,41.6,1
C002,2026-02-05T11:24:56.506526Z,25.05,38.8,1
C003,2026-02-05T11:24:59.514340Z,25.08,41.8,1
C003,2026-02-05T11:25:02.516419Z,24.95,37.4,1
C003,2026-02-05T11:25:05.522087Z,25.5,44.6,1
C002,2026-02-05T11:25:08.532241Z,25.24,39.3,1
C002,2026-02-05T11:25:11.533149Z,24.21,42.1,1
C003,2026-02-05T11:25:14.541576Z,25.14,42.5,1
C003,2026-02-05T11:25:17.551362Z,23.78,37.4,1
C001,2026-02-05T11:25:20.561683Z,25.31,39.6,1
C001,2026-02-05T11:25:23.571166Z,25.72,41.2,1
C002,2026-02-05T11:25:26.573746Z,24.74,39.3,1
C002,2026-02-05T11:25:29.583319Z,24.92,40.4,1
C003,2026-02-05T11:25:32.593568Z,25.23,39.9,1
C002,2026-02-05T11:25:35.603106Z,23.64,42.4,1
C002,2026-02-05T11:25:38.613234Z,24.43,38.1,1
C001,2026-02-05T11:25:41.620358Z,24.58,39.5,1
C003,2026-02-05T11:25:44.627213Z,24.33,39.4,1
C003,2026-02-05T11:25:47.636008Z,24.92,41.0,1
C003,2026-02-05T11:25:50.645943Z,24.54,40.3,1
C003,2026-02-05T11:25:53.651267Z,25.15,40.1,1
C003,2026-02-05T11:25:56.653477Z,25.04,37.9,1
C003,2026-02-05T11:25:59.662611Z,14.43,40.2,-1
C002,2026-02-05T11:26:02.669347Z,25.52,39.8,1
C003,2026-02-05T11:26:05.678236Z,25.79,43.0,1
C003,2026-02-05T11:26:08.686617Z,23.44,39.6,1
C001,2026-02-05T11:26:11.696763Z,25.18,41.3,1
C003,2026-02-05T11:26:14.706981Z,26.29,41.7,1
C002,2026-02-05T11:26:17.712343Z,25.75,41.5,1
C001,2026-02-05T11:26:20.723649Z,24.8,39.7,1
C001,2026-02-05T11:26:23.731415Z,13.57,40.1,-1
C002,2026-02-05T11:26:26.739888Z,24.77,39.1,1
C002,2026-02-05T11:26:29.743009Z,24.23,41.2,1
C003,2026-02-05T11:26:32.750832Z,22.89,37.2,1
C003,2026-02-05T11:26:35.752247Z,24.17,41.1,1
C002,2026-02-05T11:26:38.761023Z,23.82,40.6,1
C002,2026-02-05T11:26:41.769055Z,25.95,41.5,1
C001,2026-02-05T11:26:44.776793Z,25.48,40.0,1
C003,2026-02-05T11:26:47.787525Z,24.8,37.2,1
C003,2026-02-05T11:26:50.790113Z,25.5,39.9,1
C002,2026-02-05T11:26:53.800358Z,24.93,39.5,1
C001,2026-02-05T11:26:56.800789Z,23.72,41.1,1
C002,2026-02-05T11:26:59.806230Z,24.83,41.2,1
C001,2026-02-05T11:27:02.809602Z,16.01,37.3,-1
C002,2026-02-05T11:27:05.816558Z,25.24,36.6,1
C003,2026-02-05T11:27:08.824716Z,24.65,39.7,1
C001,2026-02-05T11:27:11.833995Z,24.95,41.7,1
C002,2026-02-05T11:27:14.835257Z,25.26,41.0,1
C001,2026-02-05T11:27:17.845766Z,14.61,37.7,-1
C003,2026-02-05T11:27:20.852723Z,26.42,39.3,1
C003,2026-02-05T11:27:23.860494Z,25.38,41.5,1
C001,2026-02-05T11:27:26.867602Z,24.38,37.4,1
C001,2026-02-05T11:27:29.875590Z,25.59,39.3,1
C002,2026-02-05T11:27:32.885065Z,24.32,40.5,1
C001,2026-02-05T11:27:35.894972Z,23.94,42.5,1
C002,2026-02-05T11:27:38.903683Z,25.76,37.7,1
C003,2026-02-05T11:27:41.911850Z,25.68,39.9,1
C001,2026-02-05T11:27:44.921762Z,24.86,43.9,1
C002,2026-02-05T11:27:47.931861Z,24.17,42.0,1
C003,2026-02-05T11:27:50.934589Z,24.5,43.6,1
C003,2026-02-05T11:27:53.944984Z,24.5,39.1,1
C001,2026-02-05T11:27:56.952087Z,25.91,40.8,1
C002,2026-02-05T11:27:59.961177Z,25.06,40.7,1
C002,2026-02-05T11:28:02.963507Z,25.0,37.8,1
C002,2026-02-05T11:28:05.965367Z,24.09,41.1,1
C002,2026-02-05T11:28:08.974166Z,25.19,39.0,1
C001,2026-02-05T11:28:11.979810Z,38.59,42.2,-1
C002,2026-02-05T11:28:14.986167Z,25.66,41.5,1
C001,2026-02-05T11:28:17.994049Z,24.95,40.1,1
C002,2026-02-05T11:28:21.003297Z,25.6,40.3,1
C003,2026-02-05T11:28:24.012175Z,25.44,43.0,1
C002,2026-02-05T11:28:27.017673Z,25.29,41.7,1
C001,2026-02-05T11:28:30.025873Z,25.89,35.9,1
C003,2026-02-05T11:28:33.027825Z,24.3,38.7,1
C001,2026-02-05T11:28:36.037702Z,25.02,38.3,1
C002,2026-02-05T11:28:39.038538Z,24.89,43.2,1
C003,2026-02-05T11:28:42.044438Z,25.32,39.7,1
C003,2026-02-05T11:28:45.049659Z,23.92,40.8,1
C003,2026-02-05T11:28:48.053971Z,25.78,37.0,1
C003,2026-02-05T11:28:51.056027Z,24.36,44.2,1
C002,2026-02-05T11:28:54.061286Z,25.2,39.4,1
C003,2026-02-05T11:28:57.070922Z,24.79,39.1,1
C001,2026-02-05T11:29:00.077435Z,23.44,40.5,1
C001,2026-02-05T11:29:03.081277Z,24.82,36.3,1
C002,2026-02-05T11:29:06.091474Z,24.32,37.9,1
C001,2026-02-05T11:29:09.097333Z,24.76,41.9,1
C002,2026-02-05T11:29:12.107560Z,24.46,39.5,1
C002,2026-02-05T11:29:15.116751Z,23.61,40.6,1
C001,2026-02-05T11:29:18.126765Z,37.7,37.3,-1
C001,2026-02-05T11:29:21.129383Z,26.02,38.4,1
C003,2026-02-05T11:29:24.139319Z,25.92,41.2,1
C001,2026-02-05T11:29:27.149344Z,25.07,38.9,1
C003,2026-02-05T11:29:30.149902Z,24.62,42.7,1
C001,2026-02-05T11:29:33.152688Z,24.55,39.0,1
C001,2026-02-05T11:29:36.155185Z,25.06,38.0,1
C002,2026-02-05T11:29:39.160719Z,25.84,39.9,1
C003,2026-02-05T11:29:42.166247Z,16.47,40.7,-1
C001,2026-02-05T11:29:45.172221Z,25.29,41.8,1
C001,2026-02-05T11:29:48.180089Z,24.95,38.0,1
C001,2026-02-05T11:29:51.188401Z,25.1,42.6,1
C003,2026-02-05T11:29:54.196229Z,23.72,37.5,1
C002,2026-02-05T11:29:57.207085Z,36.75,42.0,-1
C002,2026-02-05T11:30:00.217806Z,26.09,40.9,1
C002,2026-02-05T11:30:03.220190Z,25.25,44.1,1
C003,2026-02-05T11:30:06.228207Z,24.02,42.0,1
C003,2026-02-05T11:30:09.249999Z,24.95,40.7,1
C003,2026-02-05T11:30:12.262122Z,15.55,39.4,-1
C002,2026-02-05T11:30:15.269724Z,37.72,40.5,-1
C001,2026-02-05T11:30:18.272470Z,24.58,39.5,1
C002,2026-02-05T11:30:21.279332Z,25.99,43.3,1
C003,2026-02-05T11:30:24.283588Z,24.26,38.1,1
C002,2026-02-05T11:30:27.291879Z,24.92,41.0,1
C003,2026-02-05T11:30:30.302345Z,24.66,38.7,1
C001,2026-02-05T11:30:33.309951Z,24.45,39.3,1
C003,2026-02-05T11:30:36.312494Z,23.34,38.7,1
C002,2026-02-05T11:30:39.317428Z,25.6,38.6,1
C003,2026-02-05T11:30:42.318890Z,24.45,40.0,1
C001,2026-02-05T11:30:45.326800Z,24.71,38.3,1
C003,2026-02-05T11:30:48.326920Z,26.61,40.7,1
C002,2026-02-05T11:30:51.335650Z,25.1,40.2,1
C001,2026-02-05T11:30:54.344203Z,23.8,43.4,1
C002,2026-02-05T11:30:57.350303Z,25.66,41.2,1
C001,2026-02-05T11:31:00.351737Z,24.83,39.0,1
C003,2026-02-05T11:31:03.362207Z,25.0,38.7,1
C001,2026-02-05T11:31:06.366823Z,24.15,38.6,1
C002,2026-02-05T11:31:09.376797Z,25.27,41.1,1
C001,2026-02-05T11:31:12.379474Z,24.8,41.2,1
C003,2026-02-05T11:31:15.388614Z,23.1,40.0,1
C003,2026-02-05T11:31:18.394937Z,24.65,39.8,1
C002,2026-02-05T11:31:21.401281Z,24.76,42.7,1
C001,2026-02-05T11:31:24.409781Z,25.75,41.6,1
C002,2026-02-05T11:31:27.419720Z,25.2,41.8,1
C001,2026-02-05T11:31:30.429199Z,26.21,40.7,1
C003,2026-02-05T11:31:33.431413Z,24.99,37.3,1
C003,2026-02-05T11:31:36.442317Z,24.06,38.5,1
C002,2026-02-05T11:31:39.450840Z,24.4,42.7,1
C001,2026-02-05T11:31:42.454555Z,24.41,39.0,1
C001,2026-02-05T11:31:45.463726Z,25.85,40.0,1
C002,2026-02-05T11:31:48.473673Z,26.35,38.6,1
C003,2026-02-05T11:31:51.478727Z,23.86,41.2,1
C001,2026-02-05T11:31:54.481029Z,25.05,42.5,1
C003,2026-02-05T11:31:57.488823Z,25.27,38.4,1
C003,2026-02-05T11:32:00.496367Z,26.93,38.1,1
C003,2026-02-05T11:32:03.498304Z,23.65,40.7,1
C001,2026-02-05T11:32:06.506927Z,23.65,42.4,1
C001,2026-02-05T11:32:09.517163Z,24.78,41.9,1
C002,2026-02-05T11:32:12.521666Z,24.58,37.2,1
C002,2026-02-05T11:32:15.529812Z,26.96,41.0,1
C003,2026-02-05T11:32:18.532632Z,24.86,39.2,1
C002,2026-02-05T11:32:21.535200Z,24.55,42.0,1
C002,2026-02-05T11:32:24.539288Z,25.29,36.1,1
C003,2026-02-05T11:32:27.548489Z,25.52,37.8,1
C003,2026-02-05T11:32:30.554450Z,25.81,39.1,1
C003,2026-02-05T11:32:33.564767Z,24.9,38.4,1
C003,2026-02-05T11:32:36.573778Z,24.83,44.7,1
C003,2026-02-05T11:32:39.578566Z,23.82,36.8,1
C003,2026-02-05T11:32:42.583893Z,26.64,38.4,1
C001,2026-02-05T11:32:45.594179Z,26.04,41.5,1
C001,2026-02-05T11:32:48.602551Z,25.3,36.5,1
C002,2026-02-05T11:32:51.609191Z,23.28,40.6,1
C001,2026-02-05T11:32:54.617241Z,25.53,42.2,1
C003,2026-02-05T11:32:57.626099Z,23.62,43.6,1
C002,2026-02-05T11:33:00.636306Z,25.77,39.2,1
C001,2026-02-05T11:33:03.647853Z,24.91,38.9,1
C001,2026-02-05T11:33:06.655413Z,25.62,35.3,1
C001,2026-02-05T11:33:09.665547Z,26.33,40.2,1
C003,2026-02-05T11:33:12.671440Z,26.92,43.8,1
C003,2026-02-05T11:33:15.681607Z,24.39,41.8,1
C001,2026-02-05T11:33:18.686529Z,25.51,39.8,1
C003,2026-02-05T11:33:21.693346Z,25.96,38.8,1
C002,2026-02-05T11:33:24.702321Z,25.77,40.0,1
C001,2026-02-05T11:33:27.709932Z,23.21,42.6,1
C003,2026-02-05T11:33:30.719568Z,24.16,42.2,1
C003,2026-02-05T11:33:33.723521Z,25.16,38.1,1
C002,2026-02-05T11:33:36.728769Z,25.19,43.3,1
C002,2026-02-05T11:33:39.730558Z,25.21,39.2,1
C001,2026-02-05T11:33:42.741866Z,25.64,41.2,1
C001,2026-02-05T11:33:45.746230Z,23.85,37.7,1
C003,2026-02-05T11:33:48.751581Z,25.63,40.8,1
C001,2026-02-05T11:33:51.758627Z,25.25,39.5,1
C002,2026-02-05T11:33:54.764600Z,24.72,39.8,1
C002,2026-02-05T11:33:57.768701Z,23.96,39.4,1
C003,2026-02-05T11:34:00.771616Z,23.92,42.6,1
C001,2026-02-05T11:34:03.778208Z,25.62,37.7,1
C001,2026-02-05T11:34:06.784375Z,25.92,38.2,1
C003,2026-02-05T11:34:09.785294Z,24.48,35.8,1
C002,2026-02-05T11:34:12.786287Z,24.83,40.0,1
C003,2026-02-05T11:34:15.791453Z,23.67,41.6,1
C003,2026-02-05T11:34:18.794752Z,25.32,39.0,1
C003,2026-02-05T11:34:21.799093Z,24.57,41.9,1
C002,2026-02-05T11:34:24.803116Z,26.49,37.6,1
C003,2026-02-05T11:34:27.809177Z,24.65,39.3,1
C003,2026-02-05T11:34:30.813311Z,23.58,40.6,1
C002,2026-02-05T11:34:33.819593Z,25.81,40.2,1
C001,2026-02-05T11:34:36.821048Z,25.29,38.3,1
C002,2026-02-05T11:34:39.832691Z,25.29,39.6,1
C003,2026-02-05T11:34:42.838939Z,23.94,41.1,1
C003,2026-02-05T11:34:45.844383Z,25.01,35.1,1
C001,2026-02-05T11:34:48.850055Z,25.85,41.1,1
C003,2026-02-05T11:34:51.851630Z,24.3,39.4,1
C003,2026-02-05T11:34:54.853142Z,24.94,38.2,1
C002,2026-02-05T11:34:57.858728Z,24.38,36.5,1
C002,2026-02-05T11:35:00.864059Z,37.3,40.3,-1
C001,2026-02-05T11:35:03.870443Z,25.96,38.8,1
C001,2026-02-05T11:35:06.875827Z,25.71,39.0,1
C001,2026-02-05T11:35:09.880047Z,24.66,36.0,1
C002,2026-02-05T11:35:12.884534Z,25.42,37.2,1
C001,2026-02-05T11:35:15.887969Z,25.31,41.7,1
C003,2026-02-05T11:35:18.894637Z,23.94,42.4,1
C002,2026-02-05T11:35:21.897251Z,24.86,41.1,1
C003,2026-02-05T11:35:24.899517Z,25.04,38.0,1
C001,2026-02-05T11:35:27.901725Z,25.32,40.8,1
C002,2026-02-05T11:35:30.902719Z,24.13,37.5,1
C002,2026-02-05T11:35:33.904415Z,24.41,42.1,1
C002,2026-02-05T11:35:36.908285Z,25.79,41.5,1
C002,2026-02-05T11:35:39.913138Z,25.3,41.9,1
C003,2026-02-05T11:35:42.917947Z,23.44,37.2,1
C001,2026-02-05T11:35:45.919920Z,25.01,42.1,1
C001,2026-02-05T11:35:48.921345Z,37.06,40.8,-1
C002,2026-02-05T11:35:51.926454Z,24.48,39.9,1
C001,2026-02-05T11:35:54.929423Z,25.63,43.5,1
C001,2026-02-05T11:35:57.934189Z,23.81,42.4,1
C003,2026-02-05T11:36:00.936089Z,23.89,43.1,1
C002,2026-02-05T11:36:03.938940Z,24.9,37.9,1
C002,2026-02-05T11:36:06.944555Z,25.37,39.5,1
C002,2026-02-05T11:36:09.945995Z,24.76,41.2,1
C002,2026-02-05T11:36:12.948262Z,23.89,40.7,1
C003,2026-02-05T11:36:15.951113Z,24.78,40.9,1
C003,2026-02-05T11:36:18.959729Z,24.92,38.2,1
C003,2026-02-05T11:36:21.965365Z,25.3,38.5,1
C001,2026-02-05T11:36:24.970640Z,25.11,40.7,1
C002,2026-02-05T11:36:27.973602Z,26.49,42.5,1
C002,2026-02-05T11:36:30.979808Z,24.93,39.7,1
C003,2026-02-05T11:36:33.983930Z,25.34,39.9,1
C003,2026-02-05T11:36:36.984686Z,25.65,40.0,1
C001,2026-02-05T11:36:39.986785Z,23.77,41.9,1
C003,2026-02-05T11:36:42.987748Z,25.54,39.0,1
C002,2026-02-05T11:36:45.988853Z,25.33,43.5,1
C003,2026-02-05T11:36:48.993577Z,25.62,37.4,1
C002,2026-02-05T11:36:51.995032Z,22.74,36.8,1
C001,2026-02-05T11:36:54.997609Z,24.25,37.9,1
C001,2026-02-05T11:36:58.003195Z,24.83,43.3,1
C001,2026-02-05T11:37:01.009079Z,23.47,38.0,1
C001,2026-02-05T11:37:04.012024Z,24.75,41.4,1
C001,2026-02-05T11:37:07.014240Z,24.61,39.2,1
C001,2026-02-05T11:37:10.021498Z,25.47,38.0,1
C002,2026-02-05T11:37:13.024552Z,23.53,43.7,1
C002,2026-02-05T11:37:16.026609Z,27.12,40.9,1
C001,2026-02-05T11:37:19.030278Z,35.6,41.2,-1
C001,2026-02-05T11:37:22.035294Z,25.03,40.3,1
C003,2026-02-05T11:37:25.038629Z,24.54,41.2,1
C002,2026-02-05T11:37:28.041514Z,25.71,38.3,1
C002,2026-02-05T11:37:31.047015Z,24.43,38.4,1
C002,2026-02-05T11:37:34.052211Z,24.91,40.7,1
C001,2026-02-05T11:37:37.058200Z,24.22,40.8,1
C002,2026-02-05T11:37:40.058677Z,24.27,39.3,1
C001,2026-02-05T11:37:43.063507Z,25.55,37.6,1
C003,2026-02-05T11:37:46.068362Z,25.7,38.5,1
C001,2026-02-05T11:37:49.070123Z,23.96,37.1,1
C002,2026-02-05T11:37:52.074641Z,24.3,37.3,1
C003,2026-02-05T11:37:55.075674Z,25.24,41.9,1
C003,2026-02-05T11:37:58.081718Z,26.17,40.5,1
C002,2026-02-05T11:38:01.086671Z,26.05,38.3,1
C002,2026-02-05T11:38:04.093608Z,23.18,40.2,1
C003,2026-02-05T11:38:07.098013Z,36.59,39.9,-1
C003,2026-02-05T11:38:10.103140Z,25.24,37.7,1
C003,2026-02-05T11:38:13.106873Z,24.91,38.8,1
C003,2026-02-05T11:38:16.108919Z,24.47,36.6,1
C002,2026-02-05T11:38:19.116033Z,25.72,41.9,1
C003,2026-02-05T11:38:22.120528Z,25.36,39.9,1
C003,2026-02-05T11:38:25.124939Z,24.12,42.1,1
C002,2026-02-05T11:38:28.130742Z,25.98,38.1,1
C002,2026-02-05T11:38:31.136045Z,27.21,41.9,1
C003,2026-02-05T11:38:34.141483Z,24.59,41.0,1
C002,2026-02-05T11:38:37.143417Z,25.56,39.9,1
C003,2026-02-05T11:38:40.144712Z,26.79,39.9,1
C001,2026-02-05T11:38:43.147155Z,24.42,42.2,1
C002,2026-02-05T11:38:46.152308Z,25.22,41.2,1
C003,2026-02-05T11:38:49.156431Z,28.38,40.1,-1
C003,2026-02-05T11:38:52.162615Z,24.86,41.5,1
C003,2026-02-05T11:38:55.168267Z,25.18,42.4,1
C001,2026-02-05T11:38:58.173766Z,24.41,40.5,1
C002,2026-02-05T11:39:01.177306Z,24.36,41.6,1
C002,2026-02-05T11:39:04.182114Z,36.97,35.8,-1
C001,2026-02-05T11:39:07.187643Z,24.7,41.0,1
C001,2026-02-05T11:39:10.193160Z,26.42,40.0,1
C002,2026-02-05T11:39:13.195257Z,25.02,39.5,1
C003,2026-02-05T11:39:16.195878Z,15.07,39.9,-1
C003,2026-02-05T11:39:19.200440Z,25.7,45.7,1
C002,2026-02-05T11:39:22.206748Z,25.48,41.6,1
C001,2026-02-05T11:39:25.207699Z,36.32,40.1,-1
C002,2026-02-05T11:39:28.212049Z,27.01,41.8,1
C003,2026-02-05T11:39:31.228215Z,25.54,38.6,1
C003,2026-02-05T11:39:34.230960Z,25.98,39.6,1
C002,2026-02-05T11:39:37.235083Z,25.53,39.2,1
C003,2026-02-05T11:39:40.241520Z,24.18,41.9,1
C002,2026-02-05T11:39:43.244104Z,25.48,39.9,1
C003,2026-02-05T11:39:46.246113Z,24.3,37.6,1
C001,2026-02-05T11:39:49.247087Z,24.05,40.8,1
C002,2026-02-05T11:39:52.248609Z,24.85,38.7,1
C002,2026-02-05T11:39:55.254469Z,24.94,41.1,1
C001,2026-02-05T11:39:58.258296Z,24.92,43.0,1
C003,2026-02-05T11:40:01.257539Z,25.71,42.4,1
C001,2026-02-05T11:40:04.261572Z,26.05,40.8,1
C002,2026-02-05T11:40:07.266736Z,25.01,39.9,1
C003,2026-02-05T11:40:10.268830Z,25.06,44.1,1
C002,2026-02-05T11:40:13.273305Z,24.3,41.9,1
C003,2026-02-05T11:40:16.278634Z,24.44,37.0,1
C001,2026-02-05T11:40:19.281276Z,24.45,38.5,1
C003,2026-02-05T11:40:22.289090Z,24.59,43.0,1
C003,2026-02-05T11:40:25.294434Z,24.83,40.6,1
C002,2026-02-05T11:40:28.300502Z,24.27,40.7,1
C001,2026-02-05T11:40:31.305858Z,24.92,37.4,1
C002,2026-02-05T11:40:34.308888Z,25.09,41.1,1
C002,2026-02-05T11:40:37.314047Z,24.38,41.3,1
C003,2026-02-05T11:40:40.318602Z,26.01,37.0,1
C003,2026-02-05T11:40:43.319249Z,23.55,38.6,1
C003,2026-02-05T11:40:46.324540Z,24.42,41.1,1
C002,2026-02-05T11:40:49.328275Z,25.57,38.3,1
C003,2026-02-05T11:40:52.331545Z,25.12,36.2,1
C003,2026-02-05T11:40:55.336411Z,24.68,41.4,1
C003,2026-02-05T11:40:58.342322Z,26.11,37.6,1
C003,2026-02-05T11:41:01.348284Z,24.89,39.9,1
C003,2026-02-05T11:41:04.355363Z,24.6,35.3,1
C002,2026-02-05T11:41:07.359403Z,24.65,35.0,1
C002,2026-02-05T11:41:10.361233Z,25.3,37.7,1
C001,2026-02-05T11:41:13.362608Z,24.51,36.1,1
C003,2026-02-05T11:41:16.366581Z,24.87,39.7,1
C003,2026-02-05T11:41:19.369100Z,24.45,41.0,1
C002,2026-02-05T11:41:22.373909Z,24.52,40.8,1
C003,2026-02-05T11:41:25.378862Z,25.13,42.0,1
C001,2026-02-05T11:41:28.385037Z,22.82,41.3,1
C001,2026-02-05T11:41:31.390085Z,25.26,36.7,1
C002,2026-02-05T11:41:34.393158Z,25.55,38.2,1
C002,2026-02-05T11:41:37.395219Z,25.25,39.5,1
C001,2026-02-05T11:41:40.403744Z,25.16,40.9,1
C003,2026-02-05T11:41:43.407416Z,24.19,37.1,1
C001,2026-02-05T11:41:46.412021Z,25.46,35.3,1
C001,2026-02-05T11:41:49.419799Z,24.43,37.7,1
C003,2026-02-05T11:41:52.422935Z,23.81,38.5,1
C001,2026-02-05T11:41:55.427883Z,23.88,39.9,1
C002,2026-02-05T11:41:58.433109Z,24.77,42.2,1
C002,2026-02-05T11:42:01.435890Z,25.43,41.4,1
C001,2026-02-05T11:42:04.441344Z,24.23,43.6,1
C001,2026-02-05T11:42:07.446702Z,15.3,38.3,-1
C002,2026-02-05T11:42:10.452233Z,25.31,43.6,1
C002,2026-02-05T11:42:13.458027Z,24.61,43.8,1
C002,2026-02-05T11:42:16.463792Z,37.3,38.6,-1
C003,2026-02-05T11:42:19.465040Z,24.64,40.4,1
C001,2026-02-05T11:42:22.468075Z,26.01,41.2,1
C003,2026-02-05T11:42:25.473608Z,25.01,38.4,1
C001,2026-02-05T11:42:28.478859Z,25.92,39.0,1
C002,2026-02-05T11:42:31.481066Z,25.01,38.4,1
C002,2026-02-05T11:42:34.486288Z,25.26,39.4,1
C003,2026-02-05T11:42:37.491380Z,25.74,39.5,1
C001,2026-02-05T11:42:40.492102Z,25.62,36.2,1
C001,2026-02-05T11:42:43.495980Z,24.09,40.4,1
C003,2026-02-05T11:42:46.501511Z,23.97,40.3,1
C003,2026-02-05T11:42:49.506634Z,26.51,42.9,1
C001,2026-02-05T11:42:52.512339Z,25.67,41.5,1
C003,2026-02-05T11:42:55.518451Z,24.03,39.3,1
C002,2026-02-05T11:42:58.523710Z,25.71,41.2,1
C002,2026-02-05T11:43:01.529889Z,24.16,41.7,1
C001,2026-02-05T11:43:04.535031Z,24.73,40.5,1
C001,2026-02-05T11:43:07.537019Z,24.82,37.0,1
C002,2026-02-05T11:43:10.540172Z,25.26,42.5,1
C001,2026-02-05T11:43:13.542526Z,26.75,39.0,1
C002,2026-02-05T11:43:16.547136Z,25.43,40.7,1
C001,2026-02-05T11:43:19.547735Z,25.46,38.6,1
C001,2026-02-05T11:43:22.552352Z,24.61,38.1,1
C002,2026-02-05T11:43:25.557858Z,25.51,39.4,1
C002,2026-02-05T11:43:28.563561Z,26.38,39.0,1
C003,2026-02-05T11:43:31.567402Z,25.16,38.7,1
C002,2026-02-05T11:43:34.569007Z,23.85,42.7,1
C001,2026-02-05T11:43:37.574311Z,25.37,41.4,1
C001,2026-02-05T11:43:40.579068Z,25.31,38.8,1
C002,2026-02-05T11:43:43.583467Z,24.2,38.7,1
C003,2026-02-05T11:43:46.589049Z,23.91,37.2,1
C003,2026-02-05T11:43:49.592974Z,23.94,40.6,1
C001,2026-02-05T11:43:52.598724Z,25.62,41.0,1
C002,2026-02-05T11:43:55.604947Z,26.08,40.4,1
C003,2026-02-05T11:43:58.606236Z,25.07,37.4,1
C001,2026-02-05T11:44:01.607669Z,23.96,38.6,1
C002,2026-02-05T11:44:04.612473Z,23.92,40.8,1
C002,2026-02-05T11:44:07.614375Z,26.25,38.2,1
C003,2026-02-05T11:44:10.619582Z,25.56,41.3,1
C003,2026-02-05T11:44:13.625116Z,25.38,41.0,1
C001,2026-02-05T11:44:16.631451Z,25.35,40.6,1
C001,2026-02-05T11:44:19.632781Z,25.59,38.2,1
C002,2026-02-05T11:44:22.638133Z,23.56,42.9,1
C001,2026-02-05T11:44:25.642413Z,23.93,41.3,1
C003,2026-02-05T11:44:28.643721Z,25.41,41.8,1
C002,2026-02-05T11:44:31.646055Z,24.68,40.2,1
C001,2026-02-05T11:44:34.651577Z,24.89,40.0,1
C002,2026-02-05T11:44:37.656990Z,26.58,37.4,1
C001,2026-02-05T11:44:40.662697Z,25.91,38.6,1
C002,2026-02-05T11:44:43.664076Z,25.3,40.7,1
C001,2026-02-05T11:44:46.669812Z,25.0,36.1,1
C002,2026-02-05T11:44:49.679090Z,24.09,38.8,1
C001,2026-02-05T11:44:52.683053Z,23.64,36.3,1
C003,2026-02-05T11:44:55.683754Z,25.84,41.8,1
C001,2026-02-05T11:44:58.685777Z,24.44,37.7,1
C001,2026-02-05T11:45:01.689830Z,25.86,37.2,1
C002,2026-02-05T11:45:04.695751Z,25.28,42.7,1
C003,2026-02-05T11:45:07.699871Z,25.9,41.2,1
C001,2026-02-05T11:45:10.704774Z,24.59,41.5,1
C002,2026-02-05T11:45:13.708130Z,24.62,39.6,1
C003,2026-02-05T11:45:16.713119Z,24.18,37.4,1
C003,2026-02-05T11:45:19.718892Z,24.47,40.7,1
C002,2026-02-05T11:45:22.725091Z,26.62,40.0,1
C002,2026-02-05T11:45:25.730702Z,25.09,37.9,1
C002,2026-02-05T11:45:28.733373Z,23.78,41.9,1
C003,2026-02-05T11:45:31.736946Z,24.0,37.4,1
C002,2026-02-05T11:45:34.738369Z,25.31,42.8,1
C002,2026-02-05T11:45:37.742344Z,25.3,40.8,1
C003,2026-02-05T11:45:40.748842Z,24.18,37.4,1
C003,2026-02-05T11:45:43.755671Z,27.29,42.7,1
C001,2026-02-05T11:45:46.758936Z,23.88,43.3,1
C003,2026-02-05T11:45:49.761309Z,25.51,40.8,1
C002,2026-02-05T11:45:52.769314Z,26.48,40.1,1
C003,2026-02-05T11:45:55.789583Z,25.19,40.8,1
C002,2026-02-05T11:45:58.791293Z,25.44,39.4,1
C001,2026-02-05T11:46:01.795538Z,25.39,40.6,1
C003,2026-02-05T11:46:04.796990Z,25.59,40.1,1
C003,2026-02-05T11:46:07.801377Z,24.67,41.2,1
C001,2026-02-05T11:46:10.807829Z,25.71,44.6,1
C003,2026-02-05T11:46:13.808922Z,24.89,40.1,1
C002,2026-02-05T11:46:16.812284Z,24.22,40.3,1
C001,2026-02-05T11:46:19.818048Z,24.27,40.4,1
C002,2026-02-05T11:46:22.818784Z,24.62,38.7,1
C001,2026-02-05T11:46:25.820470Z,25.31,43.1,1
C001,2026-02-05T11:46:28.826504Z,24.36,43.1,1
C003,2026-02-05T11:46:31.829837Z,24.11,40.2,1
C002,2026-02-05T11:46:34.836185Z,24.16,43.7,1
C002,2026-02-05T11:46:37.838197Z,24.32,37.8,1
C002,2026-02-05T11:46:40.839242Z,23.98,39.9,1
C003,2026-02-05T11:46:43.844814Z,25.71,37.3,1
C002,2026-02-05T11:46:46.847050Z,23.82,40.2,1
C002,2026-02-05T11:46:49.850081Z,25.08,41.7,1
C003,2026-02-05T11:46:52.856095Z,24.66,40.1,1
C001,2026-02-05T11:46:55.857520Z,24.3,36.6,1
C003,2026-02-05T11:46:58.863475Z,23.59,36.8,1
C001,2026-02-05T11:47:01.868969Z,24.81,39.7,1
C001,2026-02-05T11:47:04.870591Z,37.54,39.5,-1
C002,2026-02-05T11:47:07.873522Z,24.8,37.9,1
C001,2026-02-05T11:47:10.879124Z,25.28,38.8,1
C003,2026-02-05T11:47:13.884010Z,25.01,43.0,1
C003,2026-02-05T11:47:16.887828Z,26.46,46.9,1
C003,2026-02-05T11:47:19.894280Z,24.31,39.4,1
C002,2026-02-05T11:47:22.899701Z,25.07,40.7,1
C003,2026-02-05T11:47:25.904373Z,25.32,41.2,1
C003,2026-02-05T11:47:28.909781Z,24.75,39.0,1
C001,2026-02-05T11:47:31.913382Z,26.35,39.2,1
C002,2026-02-05T11:47:34.915397Z,24.68,40.4,1
C001,2026-02-05T11:47:37.918699Z,24.29,42.7,1
C001,2026-02-05T11:47:40.919225Z,23.57,40.0,1
C001,2026-02-05T11:47:43.923561Z,25.35,41.3,1
C001,2026-02-05T11:47:46.927828Z,26.38,39.6,1
C001,2026-02-05T11:47:49.933422Z,25.48,38.5,1
C001,2026-02-05T11:47:52.938696Z,25.18,43.3,1
C002,2026-02-05T11:47:55.942103Z,25.47,39.9,1
C001,2026-02-05T11:47:58.945833Z,23.9,40.7,1
C001,2026-02-05T11:48:01.946683Z,23.87,38.9,1
C003,2026-02-05T11:48:04.951789Z,25.89,39.5,1
C001,2026-02-05T11:48:07.954697Z,25.34,38.9,1
C001,2026-02-05T11:48:10.958794Z,24.48,41.3,1
C002,2026-02-05T11:48:13.963973Z,24.11,45.0,1
C001,2026-02-05T11:48:16.966324Z,23.1,39.3,1
C002,2026-02-05T11:48:19.967333Z,24.35,40.1,1
C001,2026-02-05T11:48:22.971171Z,25.18,38.4,1
C002,2026-02-05T11:48:25.974595Z,25.44,42.5,1
C003,2026-02-05T11:48:28.979156Z,25.29,38.2,1
C003,2026-02-05T11:48:31.980895Z,26.53,38.9,1
C001,2026-02-05T11:48:34.985757Z,25.08,41.8,1
C001,2026-02-05T11:48:37.991056Z,25.31,40.9,1
C003,2026-02-05T11:48:40.995327Z,25.39,40.3,1
C003,2026-02-05T11:48:44.000589Z,25.37,43.9,1
C001,2026-02-05T11:48:47.001875Z,23.54,40.2,1
C002,2026-02-05T11:48:50.006174Z,26.77,41.2,1
C003,2026-02-05T11:48:53.009832Z,24.73,38.1,1
C002,2026-02-05T11:48:56.014020Z,24.9,43.7,1
C003,2026-02-05T11:48:59.019275Z,25.71,41.8,1
C003,2026-02-05T11:49:02.021044Z,15.06,37.8,-1
C003,2026-02-05T11:49:05.025724Z,25.35,42.9,1
C003,2026-02-05T11:49:08.030179Z,24.14,42.0,1
C002,2026-02-05T11:49:11.033699Z,24.36,38.4,1
C002,2026-02-05T11:49:14.037751Z,26.5,40.3,1
C001,2026-02-05T11:49:17.044167Z,24.78,40.0,1
C003,2026-02-05T11:49:20.049101Z,25.16,38.6,1
C003,2026-02-05T11:49:23.053335Z,25.2,36.6,1
C003,2026-02-05T11:49:26.057131Z,23.98,41.4,1
C003,2026-02-05T11:49:29.062104Z,24.21,42.8,1
C002,2026-02-05T11:49:32.068079Z,24.35,39.4,1
C001,2026-02-05T11:49:35.076317Z,25.16,38.6,1
C001,2026-02-05T11:49:38.082808Z,25.39,41.5,1
C003,2026-02-05T11:49:41.087679Z,25.13,39.2,1
C001,2026-02-05T11:49:44.089714Z,24.75,43.8,1
C002,2026-02-05T11:49:47.095750Z,23.98,41.0,1
C001,2026-02-05T11:49:50.100379Z,24.89,36.9,1
C001,2026-02-05T11:49:53.104638Z,25.29,39.2,1
C002,2026-02-05T11:49:56.114669Z,24.05,40.6,1
C001,2026-02-05T11:49:59.117864Z,25.59,39.9,1
C001,2026-02-05T11:50:02.119075Z,23.32,40.1,1
C001,2026-02-05T11:50:05.122664Z,25.96,40.6,1
C003,2026-02-05T11:50:08.129125Z,24.91,38.8,1
C002,2026-02-05T11:50:11.131907Z,24.39,40.6,1
C002,2026-02-05T11:50:14.134335Z,24.6,43.3,1
C002,2026-02-05T11:50:17.140654Z,26.63,42.9,1
C001,2026-02-05T11:50:20.144451Z,26.15,41.8,1
C001,2026-02-05T11:50:23.150319Z,25.88,38.5,1
C003,2026-02-05T11:50:26.151576Z,25.78,37.4,1
C001,2026-02-05T11:50:29.157324Z,24.68,42.4,1
C001,2026-02-05T11:50:32.160156Z,24.43,39.3,1
C001,2026-02-05T11:50:35.163663Z,25.5,38.8,1
C003,2026-02-05T11:50:38.170039Z,24.83,38.4,1
C001,2026-02-05T11:50:41.174664Z,23.97,36.5,1
C003,2026-02-05T11:50:44.175158Z,24.52,40.9,1
C002,2026-02-05T11:50:47.179614Z,25.58,39.1,1
C003,2026-02-05T11:50:50.181175Z,24.33,37.6,1
C003,2026-02-05T11:50:53.185540Z,27.29,37.9,1
C002,2026-02-05T11:50:56.191657Z,24.9,38.0,1
C002,2026-02-05T11:50:59.199538Z,25.03,37.8,1
C001,2026-02-05T11:51:02.205118Z,24.8,42.4,1
C002,2026-02-05T11:51:05.208365Z,37.0,36.3,-1
C001,2026-02-05T11:51:08.214246Z,24.3,37.7,1
C001,2026-02-05T11:51:11.220917Z,24.79,40.5,1
C001,2026-02-05T11:51:14.225433Z,25.31,42.8,1
C002,2026-02-05T11:51:17.231896Z,26.31,42.4,1
C001,2026-02-05T11:51:20.237675Z,25.52,40.0,1
C001,2026-02-05T11:51:23.241685Z,25.42,37.1,1
C001,2026-02-05T11:51:26.246211Z,24.41,40.6,1
C001,2026-02-05T11:51:29.250185Z,24.59,39.9,1
C003,2026-02-05T11:51:32.251181Z,26.24,38.5,1
C002,2026-02-05T11:51:35.256859Z,23.93,39.2,1
C003,2026-02-05T11:51:38.262416Z,24.81,39.7,1
C003,2026-02-05T11:51:41.264113Z,24.03,38.6,1
C002,2026-02-05T11:51:44.269252Z,24.46,41.7,1
C003,2026-02-05T11:51:47.274819Z,25.55,41.7,1
C002,2026-02-05T11:51:50.279795Z,26.39,41.5,1
C003,2026-02-05T11:51:53.281825Z,24.43,36.0,1
C003,2026-02-05T11:51:56.283680Z,25.52,35.0,1
C002,2026-02-05T11:51:59.289417Z,25.41,41.1,1
C003,2026-02-05T11:52:02.292681Z,24.96,37.5,1
C001,2026-02-05T11:52:05.297193Z,24.7,38.9,1
C003,2026-02-05T11:52:08.301099Z,25.19,39.7,1
C001,2026-02-05T11:52:11.309419Z,26.5,37.9,1
C001,2026-02-05T11:52:14.317553Z,24.36,36.8,1
C001,2026-02-05T11:52:17.320697Z,25.3,41.2,1
C003,2026-02-05T11:52:20.324687Z,24.59,39.1,1
C002,2026-02-05T11:52:23.328965Z,24.44,42.4,1
C003,2026-02-05T11:52:26.334672Z,15.75,44.3,-1
C003,2026-02-05T11:52:29.338949Z,24.02,35.3,1
C001,2026-02-05T11:52:32.343616Z,25.13,41.3,1
C002,2026-02-05T11:52:35.346567Z,24.07,37.3,1
C003,2026-02-05T11:52:38.352061Z,25.04,42.3,1
C002,2026-02-05T11:52:41.357438Z,37.32,40.6,-1
C003,2026-02-05T11:52:44.362906Z,25.22,37.7,1
C001,2026-02-05T11:52:47.363793Z,26.08,38.9,1
C003,2026-02-05T11:52:50.365651Z,25.16,45.9,1
C001,2026-02-05T11:52:53.371792Z,24.14,40.5,1
C001,2026-02-05T11:52:56.376204Z,24.67,42.4,1
C001,2026-02-05T11:52:59.381345Z,24.6,38.7,1
C003,2026-02-05T11:53:02.386435Z,24.92,38.6,1
C001,2026-02-05T11:53:05.391549Z,22.41,38.1,-1
C003,2026-02-05T11:53:08.394716Z,25.19,39.8,1
C003,2026-02-05T11:53:11.399952Z,26.1,36.8,1
C001,2026-02-05T11:53:14.401618Z,24.56,39.4,1
C003,2026-02-05T11:53:17.406904Z,24.67,41.0,1
C003,2026-02-05T11:53:20.408545Z,26.15,41.6,1
C002,2026-02-05T11:53:23.416020Z,25.03,36.9,1
C001,2026-02-05T11:53:26.419153Z,24.95,37.8,1
C001,2026-02-05T11:53:29.423576Z,24.51,40.7,1
C002,2026-02-05T11:53:32.429213Z,24.35,39.6,1
C001,2026-02-05T11:53:35.435148Z,24.55,39.5,1
C001,2026-02-05T11:53:38.435951Z,25.71,39.2,1
C003,2026-02-05T11:53:41.437373Z,26.7,39.1,1
C003,2026-02-05T11:53:44.441221Z,26.14,41.5,1
C001,2026-02-05T11:53:47.442961Z,24.47,38.9,1
C003,2026-02-05T11:53:50.445563Z,24.25,38.0,1
C003,2026-02-05T11:53:53.451932Z,24.69,40.4,1
C001,2026-02-05T11:53:56.453343Z,23.31,40.2,1
C001,2026-02-05T11:53:59.459168Z,24.91,39.5,1
C001,2026-02-05T11:54:02.465977Z,25.81,39.0,1
C002,2026-02-05T11:54:05.467062Z,25.49,45.7,1
C002,2026-02-05T11:54:08.471824Z,23.97,40.4,1
C003,2026-02-05T11:54:11.477422Z,24.31,37.0,1
C001,2026-02-05T11:54:14.481059Z,25.1,41.0,1
C001,2026-02-05T11:54:17.484398Z,24.77,39.3,1
C003,2026-02-05T11:54:20.494361Z,24.5,39.8,1
C003,2026-02-05T11:54:23.500889Z,24.4,41.2,1
C002,2026-02-05T11:54:26.506700Z,25.08,37.6,1
C001,2026-02-05T11:54:29.508322Z,24.37,39.2,1
C001,2026-02-05T11:54:32.510870Z,24.88,39.7,1
C002,2026-02-05T11:54:35.514709Z,24.79,38.1,1
C002,2026-02-05T11:54:38.517545Z,25.6,38.1,1
C003,2026-02-05T11:54:41.519948Z,25.44,37.6,1
C002,2026-02-05T11:54:44.524672Z,25.55,39.6,1
C002,2026-02-05T11:54:47.528654Z,24.12,40.5,1
C003,2026-02-05T11:54:50.530866Z,24.82,39.0,1
C003,2026-02-05T11:54:53.536991Z,26.04,41.5,1
C003,2026-02-05T11:54:56.541482Z,25.4,43.6,1
C002,2026-02-05T11:54:59.544773Z,24.56,41.0,1
C003,2026-02-05T11:55:02.547408Z,25.11,39.5,1
C002,2026-02-05T11:55:05.549187Z,24.95,37.9,1
C003,2026-02-05T11:55:08.551717Z,25.99,42.2,1
C003,2026-02-05T11:55:11.556843Z,24.84,37.3,1
C002,2026-02-05T11:55:14.562027Z,24.91,36.8,1
C003,2026-02-05T11:55:17.564267Z,25.28,41.1,1
C001,2026-02-05T11:55:20.578596Z,23.88,42.7,1
C002,2026-02-05T11:55:23.580590Z,24.05,37.9,1
C002,2026-02-05T11:55:26.586587Z,25.83,39.4,1
C001,2026-02-05T11:55:29.588428Z,25.3,38.6,1
C003,2026-02-05T11:55:32.594206Z,24.53,39.2,1
C001,2026-02-05T11:55:35.596674Z,25.16,40.9,1
C003,2026-02-05T11:55:38.601783Z,24.96,41.3,1
C002,2026-02-05T11:55:41.607655Z,25.45,38.7,1
C003,2026-02-05T11:55:44.610392Z,24.62,37.4,1
C001,2026-02-05T11:55:47.614539Z,24.45,40.8,1
C003,2026-02-05T11:55:50.616075Z,25.3,39.5,1
C001,2026-02-05T11:55:53.619822Z,25.96,42.3,1
C001,2026-02-05T11:55:56.625443Z,23.72,41.0,1
C002,2026-02-05T11:55:59.631983Z,25.22,36.2,1
C003,2026-02-05T11:56:02.632839Z,24.99,37.6,1
C003,2026-02-05T11:56:05.634242Z,24.74,41.5,1
C001,2026-02-05T11:56:08.639474Z,25.61,41.6,1
C003,2026-02-05T11:56:11.641632Z,24.12,38.0,1
C001,2026-02-05T11:56:14.647734Z,24.82,37.7,1
C001,2026-02-05T11:56:17.650385Z,23.77,40.6,1
C003,2026-02-05T11:56:20.652867Z,24.65,36.0,1
C002,2026-02-05T11:56:23.655791Z,25.15,40.4,1
C001,2026-02-05T11:56:26.661106Z,23.86,38.2,1
C002,2026-02-05T11:56:29.665760Z,24.03,41.3,1
C001,2026-02-05T11:56:32.670930Z,24.09,40.2,1
C002,2026-02-05T11:56:35.671534Z,24.67,41.1,1
C003,2026-02-05T11:56:38.676367Z,25.02,37.8,1
C003,2026-02-05T11:56:41.678872Z,25.48,41.3,1
C002,2026-02-05T11:56:44.684532Z,26.07,41.0,1
C002,2026-02-05T11:56:47.688328Z,24.35,38.9,1
C003,2026-02-05T11:56:50.693990Z,24.47,38.0,1
C001,2026-02-05T11:56:53.696787Z,24.29,41.6,1
C002,2026-02-05T11:56:56.700965Z,24.58,43.5,1
C003,2026-02-05T11:56:59.702522Z,24.9,40.5,1
C002,2026-02-05T11:57:02.707936Z,23.78,38.9,1
C003,2026-02-05T11:57:05.710845Z,23.96,40.0,1
C002,2026-02-05T11:57:08.713773Z,25.66,40.5,1
C001,2026-02-05T11:57:11.716478Z,24.89,39.1,1
C001,2026-02-05T11:57:14.720867Z,24.3,40.9,1
C002,2026-02-05T11:57:17.724658Z,24.51,40.2,1
C001,2026-02-05T11:57:20.731297Z,36.67,37.7,-1
C001,2026-02-05T11:57:23.737743Z,26.13,41.4,1
C003,2026-02-05T11:57:26.744055Z,13.93,37.0,-1
C003,2026-02-05T11:57:29.750449Z,24.54,44.0,1
C002,2026-02-05T11:57:32.752543Z,23.32,40.1,1
C003,2026-02-05T11:57:35.756479Z,25.89,40.7,1
C003,2026-02-05T11:57:38.761922Z,24.76,41.0,1
C001,2026-02-05T11:57:41.765856Z,24.81,39.7,1
C001,2026-02-05T11:57:44.771161Z,24.56,37.7,1
C001,2026-02-05T11:57:47.775358Z,26.4,40.1,1
C001,2026-02-05T11:57:50.776655Z,24.64,44.5,1
C001,2026-02-05T11:57:53.779387Z,24.07,41.1,1
C001,2026-02-05T11:57:56.785365Z,24.6,40.4,1
C001,2026-02-05T11:57:59.791092Z,25.53,41.5,1
C001,2026-02-05T11:58:02.793038Z,25.42,37.3,1
C001,2026-02-05T11:58:05.797870Z,25.86,43.2,1
C002,2026-02-05T11:58:08.799230Z,25.1,39.8,1
C003,2026-02-05T11:58:11.801804Z,35.64,40.0,-1
C001,2026-02-05T11:58:14.805232Z,24.96,39.6,1
C003,2026-02-05T11:58:17.811024Z,25.59,39.4,1
C001,2026-02-05T11:58:20.819209Z,25.78,40.2,1
C003,2026-02-05T11:58:23.824483Z,24.03,42.8,1
C003,2026-02-05T11:58:26.828750Z,25.59,41.3,1
C003,2026-02-05T11:58:29.830372Z,22.78,43.0,1
C003,2026-02-05T11:58:32.835753Z,24.62,40.3,1
C003,2026-02-05T11:58:35.836977Z,26.14,39.9,1
C003,2026-02-05T11:58:38.842190Z,26.05,46.1,1
C001,2026-02-05T11:58:41.847125Z,25.72,37.5,1
C001,2026-02-05T11:58:44.851000Z,15.93,39.3,-1
C003,2026-02-05T11:58:47.856740Z,26.3,37.9,1
C003,2026-02-05T11:58:50.861111Z,24.07,41.0,1
C003,2026-02-05T11:58:53.866488Z,25.2,36.6,1
C001,2026-02-05T11:58:56.872436Z,25.05,43.5,1
C003,2026-02-05T11:58:59.875677Z,24.81,37.2,1
C002,2026-02-05T11:59:02.880329Z,25.42,40.6,1
C001,2026-02-05T11:59:05.881758Z,25.3,40.6,1
C003,2026-02-05T11:59:08.886264Z,24.03,39.2,1
C003,2026-02-05T11:59:11.888694Z,24.28,38.9,1
C003,2026-02-05T11:59:14.891718Z,14.47,46.0,-1
C001,2026-02-05T11:59:17.893377Z,24.2,40.0,1
C001,2026-02-05T11:59:20.898678Z,24.43,39.5,1
C003,2026-02-05T11:59:23.902810Z,24.98,43.7,1
